control_id,change_id,node_id,window_start,window_end,category
NC0001,C0006,N005,2025-05-05T00:00:00Z,2025-05-19T00:00:00Z,NORMAL_CHANGE
NC0002,C0007,N002,2025-05-09T00:00:00Z,2025-05-23T00:00:00Z,NORMAL_CHANGE
NC0003,C0008,N009,2025-05-13T00:00:00Z,2025-05-27T00:00:00Z,NORMAL_CHANGE
NC0004,C0009,N012,2025-05-17T00:00:00Z,2025-05-31T00:00:00Z,NORMAL_CHANGE
NC0005,C0011,N022,2025-07-26T00:00:00Z,2025-08-09T00:00:00Z,NORMAL_CHANGE
NC0006,C0013,N022,2025-09-01T00:00:00Z,2025-09-15T00:00:00Z,NORMAL_CHANGE
NC0007,C0015,N022,2025-10-03T00:00:00Z,2025-10-17T00:00:00Z,NORMAL_CHANGE
NC0008,C0017,N022,2025-11-04T00:00:00Z,2025-11-18T00:00:00Z,NORMAL_CHANGE
NC0009,C0019,N022,2025-12-09T00:00:00Z,2025-12-23T00:00:00Z,NORMAL_CHANGE
NC0010,C0021,N022,2026-01-10T00:00:00Z,2026-01-24T00:00:00Z,NORMAL_CHANGE
NC0011,C0023,N022,2026-02-11T00:00:00Z,2026-02-25T00:00:00Z,NORMAL_CHANGE
NC0012,C0025,N022,2026-03-15T00:00:00Z,2026-03-29T00:00:00Z,NORMAL_CHANGE
NC0013,C0027,N022,2026-04-19T00:00:00Z,2026-05-03T00:00:00Z,NORMAL_CHANGE
NC0014,C0040,N016,2025-08-08T00:00:00Z,2025-08-22T00:00:00Z,NORMAL_CHANGE
NC0015,C0042,N016,2025-09-16T00:00:00Z,2025-09-30T00:00:00Z,NORMAL_CHANGE
NC0016,C0044,N016,2025-10-25T00:00:00Z,2025-11-08T00:00:00Z,NORMAL_CHANGE
NC0017,C0046,N016,2025-11-30T00:00:00Z,2025-12-14T00:00:00Z,NORMAL_CHANGE
NC0018,C0048,N016,2026-01-12T00:00:00Z,2026-01-26T00:00:00Z,NORMAL_CHANGE
NC0019,C0050,N016,2026-02-19T00:00:00Z,2026-03-05T00:00:00Z,NORMAL_CHANGE
NC0020,C0060,N024,2025-11-08T00:00:00Z,2025-11-22T00:00:00Z,NORMAL_CHANGE
NC0021,C0062,N024,2025-12-06T00:00:00Z,2025-12-20T00:00:00Z,NORMAL_CHANGE
NC0022,C0064,N024,2026-01-02T00:00:00Z,2026-01-16T00:00:00Z,NORMAL_CHANGE
NC0023,C0066,N024,2026-01-29T00:00:00Z,2026-02-12T00:00:00Z,NORMAL_CHANGE
NC0024,C0068,N024,2026-02-26T00:00:00Z,2026-03-12T00:00:00Z,NORMAL_CHANGE
NC0025,C0070,N024,2026-03-25T00:00:00Z,2026-04-08T00:00:00Z,NORMAL_CHANGE
NC0026,C0072,N024,2026-04-21T00:00:00Z,2026-05-05T00:00:00Z,NORMAL_CHANGE
NC0027,C0074,N024,2026-05-19T00:00:00Z,2026-06-02T00:00:00Z,NORMAL_CHANGE
NC0028,C0080,N027,2025-08-06T00:00:00Z,2025-08-20T00:00:00Z,NORMAL_CHANGE
NC0029,C0081,N027,2025-08-28T00:00:00Z,2025-09-11T00:00:00Z,NORMAL_CHANGE
NC0030,C0082,N027,2025-09-22T00:00:00Z,2025-10-06T00:00:00Z,NORMAL_CHANGE
NC0031,C0083,N027,2025-10-18T00:00:00Z,2025-11-01T00:00:00Z,NORMAL_CHANGE
NC0032,C0084,N027,2025-11-10T00:00:00Z,2025-11-24T00:00:00Z,NORMAL_CHANGE
NC0033,C0085,N027,2025-12-03T00:00:00Z,2025-12-17T00:00:00Z,NORMAL_CHANGE
NC0034,C0086,N027,2025-12-27T00:00:00Z,2026-01-10T00:00:00Z,NORMAL_CHANGE
NC0035,C0087,N027,2026-01-18T00:00:00Z,2026-02-01T00:00:00Z,NORMAL_CHANGE
NC0036,C0088,N027,2026-02-10T00:00:00Z,2026-02-24T00:00:00Z,NORMAL_CHANGE
NC0037,C0089,N027,2026-03-06T00:00:00Z,2026-03-20T00:00:00Z,NORMAL_CHANGE
NC0038,C0090,N027,2026-03-28T00:00:00Z,2026-04-11T00:00:00Z,NORMAL_CHANGE
NC0039,C0091,N027,2026-04-21T00:00:00Z,2026-05-05T00:00:00Z,NORMAL_CHANGE
NC0040,C0092,N032,2025-08-20T00:00:00Z,2025-09-03T00:00:00Z,NORMAL_CHANGE
NC0041,C0093,N032,2025-09-15T00:00:00Z,2025-09-29T00:00:00Z,NORMAL_CHANGE
NC0042,C0094,N032,2025-10-12T00:00:00Z,2025-10-26T00:00:00Z,NORMAL_CHANGE
NC0043,C0095,N032,2025-11-09T00:00:00Z,2025-11-23T00:00:00Z,NORMAL_CHANGE
NC0044,C0096,N032,2025-12-05T00:00:00Z,2025-12-19T00:00:00Z,NORMAL_CHANGE
NC0045,C0097,N032,2026-01-05T00:00:00Z,2026-01-19T00:00:00Z,NORMAL_CHANGE
NC0046,C0098,N032,2026-02-06T00:00:00Z,2026-02-20T00:00:00Z,NORMAL_CHANGE
NC0047,C0099,N032,2026-03-10T00:00:00Z,2026-03-24T00:00:00Z,NORMAL_CHANGE
NC0048,C0100,N032,2026-04-05T00:00:00Z,2026-04-19T00:00:00Z,NORMAL_CHANGE
NC0049,C0101,N032,2026-05-02T00:00:00Z,2026-05-16T00:00:00Z,NORMAL_CHANGE
NC0050,C0102,N014,2025-09-05T00:00:00Z,2025-09-19T00:00:00Z,NORMAL_CHANGE
NC0051,C0103,N014,2025-10-03T00:00:00Z,2025-10-17T00:00:00Z,NORMAL_CHANGE
NC0052,C0104,N014,2025-11-01T00:00:00Z,2025-11-15T00:00:00Z,NORMAL_CHANGE
NC0053,C0105,N014,2025-11-29T00:00:00Z,2025-12-13T00:00:00Z,NORMAL_CHANGE
NC0054,C0106,N014,2025-12-28T00:00:00Z,2026-01-11T00:00:00Z,NORMAL_CHANGE
NC0055,C0107,N014,2026-01-25T00:00:00Z,2026-02-08T00:00:00Z,NORMAL_CHANGE
NC0056,C0108,N014,2026-02-22T00:00:00Z,2026-03-08T00:00:00Z,NORMAL_CHANGE
NC0057,C0109,N014,2026-03-25T00:00:00Z,2026-04-08T00:00:00Z,NORMAL_CHANGE
NC0058,C0110,N015,2025-09-18T00:00:00Z,2025-10-02T00:00:00Z,NORMAL_CHANGE
NC0059,C0111,N015,2025-10-17T00:00:00Z,2025-10-31T00:00:00Z,NORMAL_CHANGE
NC0060,C0112,N015,2025-11-19T00:00:00Z,2025-12-03T00:00:00Z,NORMAL_CHANGE
NC0061,C0113,N015,2025-12-23T00:00:00Z,2026-01-06T00:00:00Z,NORMAL_CHANGE
NC0062,C0114,N015,2026-01-22T00:00:00Z,2026-02-05T00:00:00Z,NORMAL_CHANGE
NC0063,C0115,N015,2026-02-23T00:00:00Z,2026-03-09T00:00:00Z,NORMAL_CHANGE
NC0064,C0116,N015,2026-03-25T00:00:00Z,2026-04-08T00:00:00Z,NORMAL_CHANGE
NC0065,C0117,N015,2026-04-26T00:00:00Z,2026-05-10T00:00:00Z,NORMAL_CHANGE
