perturbation_id,defect_id,node_id,true_category,change_id,window_start,window_end,ambiguous_pair,lineage_break
P0001,,N009,UNIT_CHANGE,C0001,2025-02-18T00:00:00Z,2025-03-14T00:00:00Z,,False
P0002,,N005,INTERFACE_MAPPING_ERROR,C0002,2025-02-22T00:00:00Z,2025-03-04T00:00:00Z,,False
P0003,,N005,INTERFACE_MAPPING_ERROR,C0003,2025-03-18T00:00:00Z,2025-03-28T00:00:00Z,,False
P0005,,N002,EXTRACTION_FAILURE,C0005,2025-03-24T00:00:00Z,2025-04-17T00:00:00Z,,False
P0004,,N005,INTERFACE_MAPPING_ERROR,C0004,2025-04-11T00:00:00Z,2025-04-21T00:00:00Z,,False
P0021,,N019,FIELD_SEMANTIC_CHANGE,C0034,2025-06-12T00:00:00Z,2025-07-06T00:00:00Z,,False
P0032,,N024,INTERFACE_MAPPING_ERROR,C0052,2025-06-25T00:00:00Z,2025-07-05T00:00:00Z,PAIR-1,False
P0006,,N022,UNIT_CHANGE,C0010,2025-07-06T00:00:00Z,2025-07-30T00:00:00Z,,False
P0026,,N016,EXTRACTION_FAILURE,C0039,2025-07-19T00:00:00Z,2025-08-12T00:00:00Z,,False
P0022,,N019,FIELD_SEMANTIC_CHANGE,C0035,2025-07-20T00:00:00Z,2025-08-13T00:00:00Z,,False
P0033,,N024,INTERFACE_MAPPING_ERROR,C0054,2025-07-26T00:00:00Z,2025-08-05T00:00:00Z,PAIR-2,False
P0007,,N022,UNIT_CHANGE,C0012,2025-08-12T00:00:00Z,2025-09-05T00:00:00Z,,False
P0023,,N019,FIELD_SEMANTIC_CHANGE,C0036,2025-08-21T00:00:00Z,2025-09-14T00:00:00Z,,False
P0027,,N016,EXTRACTION_FAILURE,C0041,2025-08-27T00:00:00Z,2025-09-20T00:00:00Z,,False
P0034,,N024,INTERFACE_MAPPING_ERROR,C0056,2025-08-27T00:00:00Z,2025-09-06T00:00:00Z,PAIR-3,False
P0049,,N027,UNKNOWN,,2025-09-05T00:00:00Z,2025-09-15T00:00:00Z,,False
P0015,,N017,FIELD_SEMANTIC_CHANGE,C0028,2025-09-09T00:00:00Z,2025-10-03T00:00:00Z,,False
P0008,,N022,UNIT_CHANGE,C0014,2025-09-13T00:00:00Z,2025-10-07T00:00:00Z,,False
P0035,,N024,INTERFACE_MAPPING_ERROR,C0058,2025-09-24T00:00:00Z,2025-10-04T00:00:00Z,PAIR-4,False
P0055,,N032,UNKNOWN,,2025-09-24T00:00:00Z,2025-10-04T00:00:00Z,,False
P0024,,N019,FIELD_SEMANTIC_CHANGE,C0037,2025-09-25T00:00:00Z,2025-10-19T00:00:00Z,,False
P0028,,N016,EXTRACTION_FAILURE,C0043,2025-10-05T00:00:00Z,2025-10-29T00:00:00Z,,False
P0061,,N014,UNKNOWN,,2025-10-09T00:00:00Z,2025-10-19T00:00:00Z,,False
P0050,,N027,UNKNOWN,,2025-10-13T00:00:00Z,2025-10-23T00:00:00Z,,False
P0009,,N022,UNIT_CHANGE,C0016,2025-10-15T00:00:00Z,2025-11-08T00:00:00Z,,False
P0036,,N024,INTERFACE_MAPPING_ERROR,C0059,2025-10-23T00:00:00Z,2025-11-02T00:00:00Z,,False
P0064,,N015,UNKNOWN,,2025-10-24T00:00:00Z,2025-11-03T00:00:00Z,,False
P0025,,N019,FIELD_SEMANTIC_CHANGE,C0038,2025-10-31T00:00:00Z,2025-11-24T00:00:00Z,,False
P0056,,N032,UNKNOWN,,2025-11-07T00:00:00Z,2025-11-17T00:00:00Z,,False
P0016,,N017,FIELD_SEMANTIC_CHANGE,C0029,2025-11-09T00:00:00Z,2025-12-03T00:00:00Z,,False
P0029,,N016,EXTRACTION_FAILURE,C0045,2025-11-10T00:00:00Z,2025-12-04T00:00:00Z,,False
P0010,,N022,UNIT_CHANGE,C0018,2025-11-19T00:00:00Z,2025-12-13T00:00:00Z,,False
P0037,,N024,INTERFACE_MAPPING_ERROR,C0061,2025-11-20T00:00:00Z,2025-11-30T00:00:00Z,,False
P0051,,N027,UNKNOWN,,2025-11-23T00:00:00Z,2025-12-03T00:00:00Z,,False
P0062,,N014,UNKNOWN,,2025-11-24T00:00:00Z,2025-12-04T00:00:00Z,,False
P0065,,N015,UNKNOWN,,2025-12-15T00:00:00Z,2025-12-25T00:00:00Z,,False
P0038,,N024,INTERFACE_MAPPING_ERROR,C0063,2025-12-17T00:00:00Z,2025-12-27T00:00:00Z,,False
P0057,,N032,UNKNOWN,,2025-12-18T00:00:00Z,2025-12-28T00:00:00Z,,False
P0011,,N022,UNIT_CHANGE,C0020,2025-12-21T00:00:00Z,2026-01-14T00:00:00Z,,False
P0030,,N016,EXTRACTION_FAILURE,C0047,2025-12-23T00:00:00Z,2026-01-16T00:00:00Z,,False
P0052,,N027,UNKNOWN,,2025-12-30T00:00:00Z,2026-01-09T00:00:00Z,,False
P0044,,N028,EXTRACTION_FAILURE,C0075,2026-01-06T00:00:00Z,2026-01-16T00:00:00Z,,True
P0045,,N028,EXTRACTION_FAILURE,C0076,2026-01-11T00:00:00Z,2026-01-21T00:00:00Z,,True
P0039,,N024,INTERFACE_MAPPING_ERROR,C0065,2026-01-13T00:00:00Z,2026-01-23T00:00:00Z,,False
P0063,,N014,UNKNOWN,,2026-01-15T00:00:00Z,2026-01-25T00:00:00Z,,False
P0046,,N028,EXTRACTION_FAILURE,C0077,2026-01-16T00:00:00Z,2026-01-26T00:00:00Z,,True
P0047,,N028,EXTRACTION_FAILURE,C0078,2026-01-21T00:00:00Z,2026-01-31T00:00:00Z,,True
P0012,,N022,UNIT_CHANGE,C0022,2026-01-22T00:00:00Z,2026-02-15T00:00:00Z,,False
P0017,,N017,TRUE_BUSINESS_CHANGE,C0030,2026-01-24T00:00:00Z,2026-02-17T00:00:00Z,,False
P0048,,N028,EXTRACTION_FAILURE,C0079,2026-01-26T00:00:00Z,2026-02-05T00:00:00Z,,True
P0058,,N032,UNKNOWN,,2026-01-26T00:00:00Z,2026-02-05T00:00:00Z,,False
P0031,,N016,EXTRACTION_FAILURE,C0049,2026-01-30T00:00:00Z,2026-02-23T00:00:00Z,,False
P0066,,N015,UNKNOWN,,2026-02-01T00:00:00Z,2026-02-11T00:00:00Z,,False
P0053,,N027,UNKNOWN,,2026-02-07T00:00:00Z,2026-02-17T00:00:00Z,,False
P0040,,N024,INTERFACE_MAPPING_ERROR,C0067,2026-02-10T00:00:00Z,2026-02-20T00:00:00Z,,False
P0013,,N022,UNIT_CHANGE,C0024,2026-02-23T00:00:00Z,2026-03-19T00:00:00Z,,False
P0018,,N017,TRUE_BUSINESS_CHANGE,C0031,2026-03-03T00:00:00Z,2026-03-27T00:00:00Z,,False
P0059,,N032,UNKNOWN,,2026-03-07T00:00:00Z,2026-03-17T00:00:00Z,,False
P0041,,N024,INTERFACE_MAPPING_ERROR,C0069,2026-03-09T00:00:00Z,2026-03-19T00:00:00Z,,False
P0054,,N027,UNKNOWN,,2026-03-15T00:00:00Z,2026-03-25T00:00:00Z,,False
P0014,,N022,UNIT_CHANGE,C0026,2026-03-30T00:00:00Z,2026-04-23T00:00:00Z,,False
P0042,,N024,INTERFACE_MAPPING_ERROR,C0071,2026-04-05T00:00:00Z,2026-04-15T00:00:00Z,,False
P0019,,N017,TRUE_BUSINESS_CHANGE,C0032,2026-04-09T00:00:00Z,2026-05-03T00:00:00Z,,False
P0060,,N032,UNKNOWN,,2026-04-18T00:00:00Z,2026-04-28T00:00:00Z,,False
P0043,,N024,INTERFACE_MAPPING_ERROR,C0073,2026-05-03T00:00:00Z,2026-05-13T00:00:00Z,,False
P0020,,N017,TRUE_BUSINESS_CHANGE,C0033,2026-05-16T00:00:00Z,2026-06-09T00:00:00Z,,False
