anomaly_id,node_id,rule,window_start,window_end,raw_indices,n_observations,details
ANOM000001,N002,MISSING_RATE_SHIFT,2025-03-03T08:00:00Z,2025-03-27T16:00:00Z,"[8, 9, 10, 11, 12, 13, 14, 15]",8,"{'window_missing_rate': 0.25, 'profile_missing_rate': 0.02, 'shift': 0.23}"
ANOM000002,N002,MISSING_RATE_SHIFT,2025-03-17T08:00:00Z,2025-04-10T16:00:00Z,"[12, 13, 14, 15, 16, 17, 18, 19]",8,"{'window_missing_rate': 0.75, 'profile_missing_rate': 0.02, 'shift': 0.73}"
ANOM000003,N002,MISSING_RATE_SHIFT,2025-03-31T08:00:00Z,2025-04-24T16:00:00Z,"[16, 17, 18, 19, 20, 21, 22, 23]",8,"{'window_missing_rate': 0.625, 'profile_missing_rate': 0.02, 'shift': 0.605}"
ANOM000004,N005,FORMAT_VIOLATION,2025-02-01T16:00:00Z,2025-02-27T16:00:00Z,"[40, 41]",2,"{'n_violations': 2, 'window_size': 8}"
ANOM000005,N005,FORMAT_VIOLATION,2025-02-17T08:00:00Z,2025-03-13T16:00:00Z,"[40, 41]",2,"{'n_violations': 2, 'window_size': 8}"
ANOM000006,N005,RANGE_VIOLATION,2025-02-17T08:00:00Z,2025-03-13T16:00:00Z,[42],1,"{'n_violations': 1, 'window_size': 8}"
ANOM000007,N005,CHANGE_POINT,2025-02-17T08:00:00Z,2025-03-13T16:00:00Z,"[38, 39, 40, 41, 42, 43, 44, 45]",8,"{'baseline_mean': 2.2735, 'window_mean': 23.5704, 'z': 1100.358, 'mean_shift': 21.2969}"
ANOM000008,N005,FORMAT_VIOLATION,2025-03-03T08:00:00Z,2025-03-27T16:00:00Z,"[47, 48]",2,"{'n_violations': 2, 'window_size': 8}"
ANOM000009,N005,RANGE_VIOLATION,2025-03-03T08:00:00Z,2025-03-27T16:00:00Z,"[42, 49]",2,"{'n_violations': 2, 'window_size': 8}"
ANOM000010,N005,FORMAT_VIOLATION,2025-03-17T08:00:00Z,2025-04-10T16:00:00Z,"[47, 48]",2,"{'n_violations': 2, 'window_size': 8}"
ANOM000011,N005,RANGE_VIOLATION,2025-03-17T08:00:00Z,2025-04-10T16:00:00Z,[49],1,"{'n_violations': 1, 'window_size': 8}"
ANOM000012,N005,CHANGE_POINT,2025-03-17T08:00:00Z,2025-04-10T16:00:00Z,"[46, 47, 48, 49, 50, 51, 52, 53]",8,"{'baseline_mean': 23.8442, 'window_mean': 2.2313, 'z': -123.502, 'mean_shift': -21.6129}"
ANOM000013,N005,FORMAT_VIOLATION,2025-03-31T08:00:00Z,2025-04-24T16:00:00Z,[54],1,"{'n_violations': 1, 'window_size': 8}"
ANOM000014,N005,RANGE_VIOLATION,2025-03-31T08:00:00Z,2025-04-24T16:00:00Z,[55],1,"{'n_violations': 1, 'window_size': 8}"
ANOM000015,N005,CHANGE_POINT,2025-03-31T08:00:00Z,2025-04-24T16:00:00Z,"[50, 51, 52, 53, 54, 55, 56, 57]",8,"{'baseline_mean': 2.2313, 'window_mean': 23.6425, 'z': 207.95, 'mean_shift': 21.4113}"
ANOM000016,N005,FORMAT_VIOLATION,2025-04-14T08:00:00Z,2025-05-08T16:00:00Z,[54],1,"{'n_violations': 1, 'window_size': 8}"
ANOM000017,N005,RANGE_VIOLATION,2025-04-14T08:00:00Z,2025-05-08T16:00:00Z,[55],1,"{'n_violations': 1, 'window_size': 8}"
ANOM000018,N005,CHANGE_POINT,2025-04-14T08:00:00Z,2025-05-08T16:00:00Z,"[54, 55, 56, 57, 58, 59, 60, 61]",8,"{'baseline_mean': 23.6425, 'window_mean': 2.1971, 'z': -122.545, 'mean_shift': -21.4454}"
ANOM000019,N009,FORMAT_VIOLATION,2025-02-01T16:00:00Z,2025-02-27T16:00:00Z,"[68, 69, 70, 71, 72, 73, 74, 75]",8,"{'n_violations': 8, 'window_size': 8}"
ANOM000020,N009,UNIT_DEVIATION,2025-02-01T16:00:00Z,2025-02-27T16:00:00Z,"[73, 74, 75]",3,"{'n_violations': 3, 'window_size': 8}"
ANOM000021,N009,FORMAT_VIOLATION,2025-02-17T08:00:00Z,2025-03-13T16:00:00Z,"[72, 73, 74, 75, 76, 77, 78, 79]",8,"{'n_violations': 8, 'window_size': 8}"
ANOM000022,N009,UNIT_DEVIATION,2025-02-17T08:00:00Z,2025-03-13T16:00:00Z,"[73, 74, 75, 76, 77, 78, 79]",7,"{'n_violations': 7, 'window_size': 8}"
ANOM000023,N009,FORMAT_VIOLATION,2025-03-03T08:00:00Z,2025-03-27T16:00:00Z,"[76, 77, 78, 79, 80, 81, 82, 83]",8,"{'n_violations': 8, 'window_size': 8}"
ANOM000024,N009,UNIT_DEVIATION,2025-03-03T08:00:00Z,2025-03-27T16:00:00Z,"[76, 77, 78, 79]",4,"{'n_violations': 4, 'window_size': 8}"
ANOM000025,N009,FORMAT_VIOLATION,2025-03-17T08:00:00Z,2025-04-10T16:00:00Z,"[80, 81, 82, 83, 84, 85, 86, 87]",8,"{'n_violations': 8, 'window_size': 8}"
ANOM000026,N009,FORMAT_VIOLATION,2025-03-31T08:00:00Z,2025-04-24T16:00:00Z,"[84, 85, 86, 87, 88, 89, 90, 91]",8,"{'n_violations': 8, 'window_size': 8}"
ANOM000027,N009,FORMAT_VIOLATION,2025-04-14T08:00:00Z,2025-05-08T16:00:00Z,"[88, 89, 90, 91, 92, 93, 94, 95]",8,"{'n_violations': 8, 'window_size': 8}"
ANOM000028,N009,FORMAT_VIOLATION,2025-04-28T08:00:00Z,2025-05-22T16:00:00Z,"[92, 93, 94, 95, 96, 97, 98, 99]",8,"{'n_violations': 8, 'window_size': 8}"
ANOM000029,N009,FORMAT_VIOLATION,2025-05-12T08:00:00Z,2025-05-29T16:00:00Z,"[96, 97, 98, 99, 100, 101]",6,"{'n_violations': 6, 'window_size': 6}"
ANOM000030,N010,FORMAT_VIOLATION,2025-06-23T08:00:00Z,2025-07-17T16:00:00Z,[149],1,"{'n_violations': 1, 'window_size': 8}"
ANOM000031,N010,FORMAT_VIOLATION,2025-07-07T08:00:00Z,2025-07-31T16:00:00Z,[149],1,"{'n_violations': 1, 'window_size': 8}"
ANOM000032,N010,FORMAT_VIOLATION,2025-09-15T08:00:00Z,2025-10-09T16:00:00Z,[171],1,"{'n_violations': 1, 'window_size': 8}"
ANOM000033,N010,FORMAT_VIOLATION,2025-09-29T08:00:00Z,2025-10-23T16:00:00Z,[171],1,"{'n_violations': 1, 'window_size': 8}"
ANOM000034,N014,FORMAT_VIOLATION,2025-09-15T08:00:00Z,2025-10-09T16:00:00Z,[499],1,"{'n_violations': 1, 'window_size': 8}"
ANOM000035,N014,FORMAT_VIOLATION,2025-09-29T08:00:00Z,2025-10-23T16:00:00Z,"[499, 500]",2,"{'n_violations': 2, 'window_size': 8}"
ANOM000036,N014,FORMAT_VIOLATION,2025-10-13T08:00:00Z,2025-11-06T16:00:00Z,[500],1,"{'n_violations': 1, 'window_size': 8}"
ANOM000037,N014,FORMAT_VIOLATION,2025-11-10T08:00:00Z,2025-12-04T16:00:00Z,"[513, 514]",2,"{'n_violations': 2, 'window_size': 8}"
ANOM000038,N014,FORMAT_VIOLATION,2025-11-24T08:00:00Z,2025-12-18T16:00:00Z,"[513, 514]",2,"{'n_violations': 2, 'window_size': 8}"
ANOM000039,N014,FORMAT_VIOLATION,2025-12-22T08:00:00Z,2026-01-15T16:00:00Z,[527],1,"{'n_violations': 1, 'window_size': 8}"
ANOM000040,N014,FORMAT_VIOLATION,2026-01-05T08:00:00Z,2026-01-29T16:00:00Z,"[527, 529]",2,"{'n_violations': 2, 'window_size': 8}"
ANOM000041,N014,FORMAT_VIOLATION,2026-01-19T08:00:00Z,2026-02-12T16:00:00Z,[529],1,"{'n_violations': 1, 'window_size': 8}"
ANOM000042,N014,FORMAT_VIOLATION,2026-05-11T08:00:00Z,2026-06-04T16:00:00Z,[567],1,"{'n_violations': 1, 'window_size': 8}"
ANOM000043,N014,FORMAT_VIOLATION,2026-05-25T08:00:00Z,2026-06-18T16:00:00Z,[567],1,"{'n_violations': 1, 'window_size': 8}"
ANOM000044,N015,FORMAT_VIOLATION,2025-10-13T08:00:00Z,2025-11-06T16:00:00Z,[650],1,"{'n_violations': 1, 'window_size': 8}"
ANOM000045,N015,FORMAT_VIOLATION,2025-10-27T08:00:00Z,2025-11-20T16:00:00Z,[650],1,"{'n_violations': 1, 'window_size': 8}"
ANOM000046,N015,FORMAT_VIOLATION,2025-11-24T08:00:00Z,2025-12-18T16:00:00Z,[665],1,"{'n_violations': 1, 'window_size': 8}"
ANOM000047,N015,FORMAT_VIOLATION,2025-12-08T08:00:00Z,2026-01-01T16:00:00Z,"[665, 666]",2,"{'n_violations': 2, 'window_size': 8}"
ANOM000048,N015,FORMAT_VIOLATION,2025-12-22T08:00:00Z,2026-01-15T16:00:00Z,[666],1,"{'n_violations': 1, 'window_size': 8}"
ANOM000049,N015,FORMAT_VIOLATION,2026-01-19T08:00:00Z,2026-02-12T16:00:00Z,"[678, 679]",2,"{'n_violations': 2, 'window_size': 8}"
ANOM000050,N015,FORMAT_VIOLATION,2026-02-02T08:00:00Z,2026-02-26T16:00:00Z,"[678, 679]",2,"{'n_violations': 2, 'window_size': 8}"
ANOM000051,N016,MISSING_RATE_SHIFT,2025-06-30T08:00:00Z,2025-07-24T16:00:00Z,"[728, 729, 730, 731, 732, 733, 734, 735]",8,"{'window_missing_rate': 0.25, 'profile_missing_rate': 0.02, 'shift': 0.23}"
ANOM000052,N016,MISSING_RATE_SHIFT,2025-07-14T08:00:00Z,2025-08-07T16:00:00Z,"[732, 733, 734, 735, 736, 737, 738, 739]",8,"{'window_missing_rate': 0.75, 'profile_missing_rate': 0.02, 'shift': 0.73}"
ANOM000053,N016,MISSING_RATE_SHIFT,2025-07-28T08:00:00Z,2025-08-21T16:00:00Z,"[736, 737, 738, 739, 740, 741, 742, 743]",8,"{'window_missing_rate': 0.625, 'profile_missing_rate': 0.02, 'shift': 0.605}"
ANOM000054,N016,MISSING_RATE_SHIFT,2025-08-11T08:00:00Z,2025-09-04T16:00:00Z,"[740, 741, 742, 743, 744, 745, 746, 747]",8,"{'window_missing_rate': 0.5, 'profile_missing_rate': 0.02, 'shift': 0.48}"
ANOM000055,N016,MISSING_RATE_SHIFT,2025-08-25T08:00:00Z,2025-09-18T16:00:00Z,"[744, 745, 746, 747, 748, 749, 750, 751]",8,"{'window_missing_rate': 0.875, 'profile_missing_rate': 0.02, 'shift': 0.855}"
ANOM000056,N016,MISSING_RATE_SHIFT,2025-09-08T08:00:00Z,2025-10-02T16:00:00Z,"[748, 749, 750, 751, 752, 753, 754, 755]",8,"{'window_missing_rate': 0.5, 'profile_missing_rate': 0.02, 'shift': 0.48}"
ANOM000057,N016,MISSING_RATE_SHIFT,2025-09-22T08:00:00Z,2025-10-16T16:00:00Z,"[752, 753, 754, 755, 756, 757, 758, 759]",8,"{'window_missing_rate': 0.5, 'profile_missing_rate': 0.02, 'shift': 0.48}"
ANOM000058,N016,MISSING_RATE_SHIFT,2025-10-06T08:00:00Z,2025-10-30T16:00:00Z,"[756, 757, 758, 759, 760, 761, 762, 763]",8,"{'window_missing_rate': 0.875, 'profile_missing_rate': 0.02, 'shift': 0.855}"
ANOM000059,N016,MISSING_RATE_SHIFT,2025-10-20T08:00:00Z,2025-11-13T16:00:00Z,"[760, 761, 762, 763, 764, 765, 766, 767]",8,"{'window_missing_rate': 0.625, 'profile_missing_rate': 0.02, 'shift': 0.605}"
ANOM000060,N016,MISSING_RATE_SHIFT,2025-11-03T08:00:00Z,2025-11-27T16:00:00Z,"[764, 765, 766, 767, 768, 769, 770, 771]",8,"{'window_missing_rate': 0.75, 'profile_missing_rate': 0.02, 'shift': 0.73}"
ANOM000061,N016,MISSING_RATE_SHIFT,2025-11-17T08:00:00Z,2025-12-11T16:00:00Z,"[768, 769, 770, 771, 772, 773, 774, 775]",8,"{'window_missing_rate': 0.625, 'profile_missing_rate': 0.02, 'shift': 0.605}"
ANOM000062,N016,MISSING_RATE_SHIFT,2025-12-01T08:00:00Z,2025-12-25T16:00:00Z,"[772, 773, 774, 775, 776, 777, 778, 779]",8,"{'window_missing_rate': 0.25, 'profile_missing_rate': 0.02, 'shift': 0.23}"
ANOM000063,N016,MISSING_RATE_SHIFT,2025-12-15T08:00:00Z,2026-01-08T16:00:00Z,"[776, 777, 778, 779, 780, 781, 782, 783]",8,"{'window_missing_rate': 0.625, 'profile_missing_rate': 0.02, 'shift': 0.605}"
ANOM000064,N016,MISSING_RATE_SHIFT,2025-12-29T08:00:00Z,2026-01-22T16:00:00Z,"[780, 781, 782, 783, 784, 785, 786, 787]",8,"{'window_missing_rate': 0.75, 'profile_missing_rate': 0.02, 'shift': 0.73}"
ANOM000065,N016,MISSING_RATE_SHIFT,2026-01-12T08:00:00Z,2026-02-05T16:00:00Z,"[784, 785, 786, 787, 788, 789, 790, 791]",8,"{'window_missing_rate': 0.5, 'profile_missing_rate': 0.02, 'shift': 0.48}"
ANOM000066,N016,MISSING_RATE_SHIFT,2026-01-26T08:00:00Z,2026-02-19T16:00:00Z,"[788, 789, 790, 791, 792, 793, 794, 795]",8,"{'window_missing_rate': 0.75, 'profile_missing_rate': 0.02, 'shift': 0.73}"
ANOM000067,N016,MISSING_RATE_SHIFT,2026-02-09T08:00:00Z,2026-03-05T16:00:00Z,"[792, 793, 794, 795, 796, 797, 798, 799]",8,"{'window_missing_rate': 0.5, 'profile_missing_rate': 0.02, 'shift': 0.48}"
ANOM000068,N016,FORMAT_VIOLATION,2026-03-23T08:00:00Z,2026-04-16T16:00:00Z,[810],1,"{'n_violations': 1, 'window_size': 8}"
ANOM000069,N016,FORMAT_VIOLATION,2026-04-06T08:00:00Z,2026-04-30T16:00:00Z,[810],1,"{'n_violations': 1, 'window_size': 8}"
ANOM000070,N017,CHANGE_POINT,2025-08-25T08:00:00Z,2025-09-18T16:00:00Z,"[856, 857, 858, 859, 860, 861, 862, 863]",8,"{'baseline_mean': 2.4274, 'window_mean': 4.0562, 'z': 10.86, 'mean_shift': 1.6287}"
ANOM000071,N017,CHANGE_POINT,2025-09-22T08:00:00Z,2025-10-16T16:00:00Z,"[864, 865, 866, 867, 868, 869, 870, 871]",8,"{'baseline_mean': 4.6742, 'window_mean': 2.0871, 'z': -31.922, 'mean_shift': -2.5871}"
ANOM000072,N017,CHANGE_POINT,2025-10-20T08:00:00Z,2025-11-13T16:00:00Z,"[872, 873, 874, 875, 876, 877, 878, 879]",8,"{'baseline_mean': 2.2321, 'window_mean': 3.4406, 'z': 10.273, 'mean_shift': 1.2085}"
ANOM000073,N017,CHANGE_POINT,2025-11-03T08:00:00Z,2025-11-27T16:00:00Z,"[876, 877, 878, 879, 880, 881, 882, 883]",8,"{'baseline_mean': 3.4406, 'window_mean': 4.5959, 'z': 6.602, 'mean_shift': 1.1553}"
ANOM000074,N017,CHANGE_POINT,2025-11-17T08:00:00Z,2025-12-11T16:00:00Z,"[880, 881, 882, 883, 884, 885, 886, 887]",8,"{'baseline_mean': 4.5959, 'window_mean': 2.7944, 'z': -19.33, 'mean_shift': -1.8015}"
ANOM000075,N017,CHANGE_POINT,2026-01-12T08:00:00Z,2026-02-05T16:00:00Z,"[896, 897, 898, 899, 900, 901, 902, 903]",8,"{'baseline_mean': 2.1738, 'window_mean': 4.808, 'z': 53.518, 'mean_shift': 2.6341}"
ANOM000076,N017,FORMAT_VIOLATION,2026-01-26T08:00:00Z,2026-02-19T16:00:00Z,[907],1,"{'n_violations': 1, 'window_size': 8}"
ANOM000077,N017,FORMAT_VIOLATION,2026-02-09T08:00:00Z,2026-03-05T16:00:00Z,[907],1,"{'n_violations': 1, 'window_size': 8}"
ANOM000078,N017,CHANGE_POINT,2026-02-09T08:00:00Z,2026-03-05T16:00:00Z,"[904, 905, 906, 907, 908, 909, 910, 911]",8,"{'baseline_mean': 4.1268, 'window_mean': 2.8614, 'z': -7.231, 'mean_shift': -1.2654}"
ANOM000079,N017,CHANGE_POINT,2026-02-23T08:00:00Z,2026-03-19T16:00:00Z,"[908, 909, 910, 911, 912, 913, 914, 915]",8,"{'baseline_mean': 2.8614, 'window_mean': 4.686, 'z': 10.426, 'mean_shift': 1.8246}"
ANOM000080,N017,CHANGE_POINT,2026-03-09T08:00:00Z,2026-04-02T16:00:00Z,"[912, 913, 914, 915, 916, 917, 918, 919]",8,"{'baseline_mean': 4.686, 'window_mean': 3.4337, 'z': -7.156, 'mean_shift': -1.2523}"
ANOM000081,N017,CHANGE_POINT,2026-04-06T08:00:00Z,2026-04-30T16:00:00Z,"[920, 921, 922, 923, 924, 925, 926, 927]",8,"{'baseline_mean': 4.1094, 'window_mean': 4.8637, 'z': 4.31, 'mean_shift': 0.7543}"
ANOM000082,N017,CHANGE_POINT,2026-04-20T08:00:00Z,2026-05-14T16:00:00Z,"[924, 925, 926, 927, 928, 929, 930, 931]",8,"{'baseline_mean': 4.8637, 'window_mean': 2.0001, 'z': -54.038, 'mean_shift': -2.8636}"
ANOM000083,N017,CHANGE_POINT,2026-05-04T08:00:00Z,2026-05-28T16:00:00Z,"[928, 929, 930, 931, 932, 933, 934, 935]",8,"{'baseline_mean': 2.0001, 'window_mean': 4.6274, 'z': 33.104, 'mean_shift': 2.6273}"
ANOM000084,N017,CHANGE_POINT,2026-05-18T08:00:00Z,2026-06-11T16:00:00Z,"[932, 933, 934, 935, 936, 937, 938, 939]",8,"{'baseline_mean': 4.6274, 'window_mean': 3.8113, 'z': -7.423, 'mean_shift': -0.8161}"
ANOM000085,N017,CHANGE_POINT,2026-06-01T08:00:00Z,2026-06-25T16:00:00Z,"[936, 937, 938, 939, 940, 941, 942, 943]",8,"{'baseline_mean': 3.8113, 'window_mean': 2.0343, 'z': -10.154, 'mean_shift': -1.777}"
ANOM000086,N019,CHANGE_POINT,2025-06-01T16:00:00Z,2025-06-26T16:00:00Z,"[944, 945, 946, 947, 948, 949, 950, 951]",8,"{'baseline_mean': 3.0205, 'window_mean': 4.4348, 'z': 8.081, 'mean_shift': 1.4143}"
ANOM000087,N019,CHANGE_POINT,2025-06-16T08:00:00Z,2025-07-10T16:00:00Z,"[948, 949, 950, 951, 952, 953, 954, 955]",8,"{'baseline_mean': 4.4348, 'window_mean': 3.2855, 'z': -14.402, 'mean_shift': -1.1493}"
ANOM000088,N019,CHANGE_POINT,2025-07-14T08:00:00Z,2025-08-07T16:00:00Z,"[956, 957, 958, 959, 960, 961, 962, 963]",8,"{'baseline_mean': 3.3862, 'window_mean': 4.4648, 'z': 6.163, 'mean_shift': 1.0786}"
ANOM000089,N019,CHANGE_POINT,2025-07-28T08:00:00Z,2025-08-21T16:00:00Z,"[960, 961, 962, 963, 964, 965, 966, 967]",8,"{'baseline_mean': 4.4648, 'window_mean': 3.3666, 'z': -9.884, 'mean_shift': -1.0982}"
ANOM000090,N019,CHANGE_POINT,2025-08-11T08:00:00Z,2025-09-04T16:00:00Z,"[964, 965, 966, 967, 968, 969, 970, 971]",8,"{'baseline_mean': 3.3666, 'window_mean': 4.5068, 'z': 6.516, 'mean_shift': 1.1402}"
ANOM000091,N019,CHANGE_POINT,2025-08-25T08:00:00Z,2025-09-18T16:00:00Z,"[968, 969, 970, 971, 972, 973, 974, 975]",8,"{'baseline_mean': 4.5068, 'window_mean': 3.2946, 'z': -6.927, 'mean_shift': -1.2122}"
ANOM000092,N019,CHANGE_POINT,2025-09-08T08:00:00Z,2025-10-02T16:00:00Z,"[972, 973, 974, 975, 976, 977, 978, 979]",8,"{'baseline_mean': 3.2946, 'window_mean': 4.2183, 'z': 5.278, 'mean_shift': 0.9237}"
ANOM000093,N019,CHANGE_POINT,2025-10-06T08:00:00Z,2025-10-30T16:00:00Z,"[980, 981, 982, 983, 984, 985, 986, 987]",8,"{'baseline_mean': 4.6399, 'window_mean': 2.3661, 'z': -27.712, 'mean_shift': -2.2738}"
ANOM000094,N019,CHANGE_POINT,2025-10-20T08:00:00Z,2025-11-13T16:00:00Z,"[984, 985, 986, 987, 988, 989, 990, 991]",8,"{'baseline_mean': 2.3661, 'window_mean': 4.5121, 'z': 16.338, 'mean_shift': 2.146}"
ANOM000095,N019,CHANGE_POINT,2025-11-03T08:00:00Z,2025-11-27T16:00:00Z,"[988, 989, 990, 991, 992, 993, 994, 995]",8,"{'baseline_mean': 4.5121, 'window_mean': 3.5223, 'z': -15.565, 'mean_shift': -0.9899}"
ANOM000096,N019,CHANGE_POINT,2025-11-17T08:00:00Z,2025-12-11T16:00:00Z,"[992, 993, 994, 995, 996, 997, 998, 999]",8,"{'baseline_mean': 3.5223, 'window_mean': 2.3796, 'z': -6.53, 'mean_shift': -1.1427}"
ANOM000097,N022,FORMAT_VIOLATION,2025-06-01T16:00:00Z,2025-06-26T16:00:00Z,"[1056, 1057, 1058, 1059, 1060, 1061, 1062, 1063]",8,"{'n_violations': 8, 'window_size': 8}"
ANOM000098,N022,FORMAT_VIOLATION,2025-06-16T08:00:00Z,2025-07-10T16:00:00Z,"[1060, 1061, 1062, 1063, 1064, 1065, 1066, 1067]",8,"{'n_violations': 8, 'window_size': 8}"
ANOM000099,N022,UNIT_DEVIATION,2025-06-16T08:00:00Z,2025-07-10T16:00:00Z,"[1066, 1067]",2,"{'n_violations': 2, 'window_size': 8}"
ANOM000100,N022,FORMAT_VIOLATION,2025-06-30T08:00:00Z,2025-07-24T16:00:00Z,"[1064, 1065, 1066, 1067, 1068, 1069, 1070, 1071]",8,"{'n_violations': 8, 'window_size': 8}"
ANOM000101,N022,UNIT_DEVIATION,2025-06-30T08:00:00Z,2025-07-24T16:00:00Z,"[1066, 1067, 1068, 1069, 1070, 1071]",6,"{'n_violations': 6, 'window_size': 8}"
ANOM000102,N022,FORMAT_VIOLATION,2025-07-14T08:00:00Z,2025-08-07T16:00:00Z,"[1068, 1069, 1070, 1071, 1072, 1073, 1074, 1075]",8,"{'n_violations': 8, 'window_size': 8}"
ANOM000103,N022,UNIT_DEVIATION,2025-07-14T08:00:00Z,2025-08-07T16:00:00Z,"[1068, 1069, 1070, 1071, 1072]",5,"{'n_violations': 5, 'window_size': 8}"
ANOM000104,N022,FORMAT_VIOLATION,2025-07-28T08:00:00Z,2025-08-21T16:00:00Z,"[1072, 1073, 1074, 1075, 1076, 1077, 1078, 1079]",8,"{'n_violations': 8, 'window_size': 8}"
ANOM000105,N022,UNIT_DEVIATION,2025-07-28T08:00:00Z,2025-08-21T16:00:00Z,"[1072, 1077, 1078, 1079]",4,"{'n_violations': 4, 'window_size': 8}"
ANOM000106,N022,FORMAT_VIOLATION,2025-08-11T08:00:00Z,2025-09-04T16:00:00Z,"[1076, 1077, 1078, 1079, 1080, 1081, 1082, 1083]",8,"{'n_violations': 8, 'window_size': 8}"
ANOM000107,N022,UNIT_DEVIATION,2025-08-11T08:00:00Z,2025-09-04T16:00:00Z,"[1077, 1078, 1079, 1080, 1081, 1082, 1083]",7,"{'n_violations': 7, 'window_size': 8}"
ANOM000108,N022,FORMAT_VIOLATION,2025-08-25T08:00:00Z,2025-09-18T16:00:00Z,"[1080, 1081, 1082, 1083, 1084, 1085, 1086, 1087]",8,"{'n_violations': 8, 'window_size': 8}"
ANOM000109,N022,UNIT_DEVIATION,2025-08-25T08:00:00Z,2025-09-18T16:00:00Z,"[1080, 1081, 1082, 1083, 1086, 1087]",6,"{'n_violations': 6, 'window_size': 8}"
ANOM000110,N022,FORMAT_VIOLATION,2025-09-08T08:00:00Z,2025-10-02T16:00:00Z,"[1084, 1085, 1086, 1087, 1088, 1089, 1090, 1091]",8,"{'n_violations': 8, 'window_size': 8}"
ANOM000111,N022,UNIT_DEVIATION,2025-09-08T08:00:00Z,2025-10-02T16:00:00Z,"[1086, 1087, 1088, 1089, 1090, 1091]",6,"{'n_violations': 6, 'window_size': 8}"
ANOM000112,N022,FORMAT_VIOLATION,2025-09-22T08:00:00Z,2025-10-16T16:00:00Z,"[1088, 1089, 1090, 1091, 1092, 1093, 1094, 1095]",8,"{'n_violations': 8, 'window_size': 8}"
ANOM000113,N022,UNIT_DEVIATION,2025-09-22T08:00:00Z,2025-10-16T16:00:00Z,"[1088, 1089, 1090, 1091, 1092, 1095]",6,"{'n_violations': 6, 'window_size': 8}"
ANOM000114,N022,FORMAT_VIOLATION,2025-10-06T08:00:00Z,2025-10-30T16:00:00Z,"[1092, 1093, 1094, 1095, 1096, 1097, 1098, 1099]",8,"{'n_violations': 8, 'window_size': 8}"
ANOM000115,N022,UNIT_DEVIATION,2025-10-06T08:00:00Z,2025-10-30T16:00:00Z,"[1092, 1095, 1096, 1097, 1098, 1099]",6,"{'n_violations': 6, 'window_size': 8}"
ANOM000116,N022,FORMAT_VIOLATION,2025-10-20T08:00:00Z,2025-11-13T16:00:00Z,"[1096, 1097, 1098, 1099, 1100, 1101, 1102, 1103]",8,"{'n_violations': 8, 'window_size': 8}"
ANOM000117,N022,UNIT_DEVIATION,2025-10-20T08:00:00Z,2025-11-13T16:00:00Z,"[1096, 1097, 1098, 1099, 1100, 1101]",6,"{'n_violations': 6, 'window_size': 8}"
ANOM000118,N022,FORMAT_VIOLATION,2025-11-03T08:00:00Z,2025-11-27T16:00:00Z,"[1100, 1101, 1102, 1103, 1104, 1105, 1106, 1107]",8,"{'n_violations': 8, 'window_size': 8}"
ANOM000119,N022,UNIT_DEVIATION,2025-11-03T08:00:00Z,2025-11-27T16:00:00Z,"[1100, 1101, 1105, 1106, 1107]",5,"{'n_violations': 5, 'window_size': 8}"
ANOM000120,N022,FORMAT_VIOLATION,2025-11-17T08:00:00Z,2025-12-11T16:00:00Z,"[1104, 1105, 1106, 1107, 1108, 1109, 1110, 1111]",8,"{'n_violations': 8, 'window_size': 8}"
ANOM000121,N022,UNIT_DEVIATION,2025-11-17T08:00:00Z,2025-12-11T16:00:00Z,"[1105, 1106, 1107, 1108, 1109, 1110, 1111]",7,"{'n_violations': 7, 'window_size': 8}"
ANOM000122,N022,FORMAT_VIOLATION,2025-12-01T08:00:00Z,2025-12-25T16:00:00Z,"[1108, 1109, 1110, 1111, 1112, 1113, 1114, 1115]",8,"{'n_violations': 8, 'window_size': 8}"
ANOM000123,N022,UNIT_DEVIATION,2025-12-01T08:00:00Z,2025-12-25T16:00:00Z,"[1108, 1109, 1110, 1111, 1114, 1115]",6,"{'n_violations': 6, 'window_size': 8}"
ANOM000124,N022,FORMAT_VIOLATION,2025-12-15T08:00:00Z,2026-01-08T16:00:00Z,"[1112, 1113, 1114, 1115, 1116, 1117, 1118, 1119]",8,"{'n_violations': 8, 'window_size': 8}"
ANOM000125,N022,UNIT_DEVIATION,2025-12-15T08:00:00Z,2026-01-08T16:00:00Z,"[1114, 1115, 1116, 1117, 1118, 1119]",6,"{'n_violations': 6, 'window_size': 8}"
ANOM000126,N022,FORMAT_VIOLATION,2025-12-29T08:00:00Z,2026-01-22T16:00:00Z,"[1116, 1117, 1118, 1119, 1120, 1121, 1122, 1123]",8,"{'n_violations': 8, 'window_size': 8}"
ANOM000127,N022,UNIT_DEVIATION,2025-12-29T08:00:00Z,2026-01-22T16:00:00Z,"[1116, 1117, 1118, 1119, 1120, 1123]",6,"{'n_violations': 6, 'window_size': 8}"
ANOM000128,N022,FORMAT_VIOLATION,2026-01-12T08:00:00Z,2026-02-05T16:00:00Z,"[1120, 1121, 1122, 1123, 1124, 1125, 1126, 1127]",8,"{'n_violations': 8, 'window_size': 8}"
ANOM000129,N022,UNIT_DEVIATION,2026-01-12T08:00:00Z,2026-02-05T16:00:00Z,"[1120, 1123, 1124, 1125, 1126, 1127]",6,"{'n_violations': 6, 'window_size': 8}"
ANOM000130,N022,FORMAT_VIOLATION,2026-01-26T08:00:00Z,2026-02-19T16:00:00Z,"[1124, 1125, 1126, 1127, 1128, 1129, 1130, 1131]",8,"{'n_violations': 8, 'window_size': 8}"
ANOM000131,N022,UNIT_DEVIATION,2026-01-26T08:00:00Z,2026-02-19T16:00:00Z,"[1124, 1125, 1126, 1127, 1128, 1129]",6,"{'n_violations': 6, 'window_size': 8}"
ANOM000132,N022,FORMAT_VIOLATION,2026-02-09T08:00:00Z,2026-03-05T16:00:00Z,"[1128, 1129, 1130, 1131, 1132, 1133, 1134, 1135]",8,"{'n_violations': 8, 'window_size': 8}"
ANOM000133,N022,UNIT_DEVIATION,2026-02-09T08:00:00Z,2026-03-05T16:00:00Z,"[1128, 1129, 1132, 1133, 1134, 1135]",6,"{'n_violations': 6, 'window_size': 8}"
ANOM000134,N022,FORMAT_VIOLATION,2026-02-23T08:00:00Z,2026-03-19T16:00:00Z,"[1132, 1133, 1134, 1135, 1136, 1137, 1138, 1139]",8,"{'n_violations': 8, 'window_size': 8}"
ANOM000135,N022,UNIT_DEVIATION,2026-02-23T08:00:00Z,2026-03-19T16:00:00Z,"[1132, 1133, 1134, 1135, 1136, 1137, 1138]",7,"{'n_violations': 7, 'window_size': 8}"
ANOM000136,N022,FORMAT_VIOLATION,2026-03-09T08:00:00Z,2026-04-02T16:00:00Z,"[1136, 1137, 1138, 1139, 1140, 1141, 1142, 1143]",8,"{'n_violations': 8, 'window_size': 8}"
ANOM000137,N022,UNIT_DEVIATION,2026-03-09T08:00:00Z,2026-04-02T16:00:00Z,"[1136, 1137, 1138, 1142, 1143]",5,"{'n_violations': 5, 'window_size': 8}"
ANOM000138,N022,FORMAT_VIOLATION,2026-03-23T08:00:00Z,2026-04-16T16:00:00Z,"[1140, 1141, 1142, 1143, 1144, 1145, 1146, 1147]",8,"{'n_violations': 8, 'window_size': 8}"
ANOM000139,N022,UNIT_DEVIATION,2026-03-23T08:00:00Z,2026-04-16T16:00:00Z,"[1142, 1143, 1144, 1145, 1146, 1147]",6,"{'n_violations': 6, 'window_size': 8}"
ANOM000140,N022,FORMAT_VIOLATION,2026-04-06T08:00:00Z,2026-04-30T16:00:00Z,"[1144, 1145, 1146, 1147, 1148, 1149, 1150, 1151]",8,"{'n_violations': 8, 'window_size': 8}"
ANOM000141,N022,UNIT_DEVIATION,2026-04-06T08:00:00Z,2026-04-30T16:00:00Z,"[1144, 1145, 1146, 1147, 1148]",5,"{'n_violations': 5, 'window_size': 8}"
ANOM000142,N022,FORMAT_VIOLATION,2026-04-20T08:00:00Z,2026-05-14T16:00:00Z,"[1148, 1149, 1150, 1151, 1152, 1153, 1154, 1155]",8,"{'n_violations': 8, 'window_size': 8}"
ANOM000143,N022,UNIT_DEVIATION,2026-04-20T08:00:00Z,2026-05-14T16:00:00Z,[1148],1,"{'n_violations': 1, 'window_size': 8}"
ANOM000144,N022,FORMAT_VIOLATION,2026-05-04T08:00:00Z,2026-05-28T16:00:00Z,"[1152, 1153, 1154, 1155, 1156, 1157, 1158, 1159]",8,"{'n_violations': 8, 'window_size': 8}"
ANOM000145,N022,FORMAT_VIOLATION,2026-05-18T08:00:00Z,2026-06-11T16:00:00Z,"[1156, 1157, 1158, 1159, 1160, 1161, 1162, 1163]",8,"{'n_violations': 8, 'window_size': 8}"
ANOM000146,N022,FORMAT_VIOLATION,2026-06-01T08:00:00Z,2026-06-25T16:00:00Z,"[1160, 1161, 1162, 1163, 1164, 1165, 1166, 1167]",8,"{'n_violations': 8, 'window_size': 8}"
ANOM000147,N022,FORMAT_VIOLATION,2026-06-15T08:00:00Z,2026-06-25T16:00:00Z,"[1164, 1165, 1166, 1167]",4,"{'n_violations': 4, 'window_size': 4}"
ANOM000148,N024,FORMAT_VIOLATION,2025-06-01T16:00:00Z,2025-06-26T16:00:00Z,[1175],1,"{'n_violations': 1, 'window_size': 8}"
ANOM000149,N024,FORMAT_VIOLATION,2025-06-16T08:00:00Z,2025-07-10T16:00:00Z,"[1175, 1176]",2,"{'n_violations': 2, 'window_size': 8}"
ANOM000150,N024,FORMAT_VIOLATION,2025-06-30T08:00:00Z,2025-07-24T16:00:00Z,[1176],1,"{'n_violations': 1, 'window_size': 8}"
ANOM000151,N024,FORMAT_VIOLATION,2025-07-14T08:00:00Z,2025-08-07T16:00:00Z,"[1184, 1186]",2,"{'n_violations': 2, 'window_size': 8}"
ANOM000152,N024,FORMAT_VIOLATION,2025-07-28T08:00:00Z,2025-08-21T16:00:00Z,"[1184, 1186]",2,"{'n_violations': 2, 'window_size': 8}"
ANOM000153,N024,FORMAT_VIOLATION,2025-08-11T08:00:00Z,2025-09-04T16:00:00Z,"[1193, 1194]",2,"{'n_violations': 2, 'window_size': 8}"
ANOM000154,N024,FORMAT_VIOLATION,2025-08-25T08:00:00Z,2025-09-18T16:00:00Z,"[1193, 1194]",2,"{'n_violations': 2, 'window_size': 8}"
ANOM000155,N024,FORMAT_VIOLATION,2025-09-08T08:00:00Z,2025-10-02T16:00:00Z,"[1202, 1203]",2,"{'n_violations': 2, 'window_size': 8}"
ANOM000156,N024,FORMAT_VIOLATION,2025-09-22T08:00:00Z,2025-10-16T16:00:00Z,"[1202, 1203]",2,"{'n_violations': 2, 'window_size': 8}"
ANOM000157,N024,FORMAT_VIOLATION,2025-10-06T08:00:00Z,2025-10-30T16:00:00Z,"[1210, 1211]",2,"{'n_violations': 2, 'window_size': 8}"
ANOM000158,N024,FORMAT_VIOLATION,2025-10-20T08:00:00Z,2025-11-13T16:00:00Z,"[1210, 1211]",2,"{'n_violations': 2, 'window_size': 8}"
ANOM000159,N024,FORMAT_VIOLATION,2025-11-03T08:00:00Z,2025-11-27T16:00:00Z,"[1217, 1218]",2,"{'n_violations': 2, 'window_size': 8}"
ANOM000160,N024,FORMAT_VIOLATION,2025-11-17T08:00:00Z,2025-12-11T16:00:00Z,"[1217, 1218]",2,"{'n_violations': 2, 'window_size': 8}"
ANOM000161,N024,FORMAT_VIOLATION,2025-12-01T08:00:00Z,2025-12-25T16:00:00Z,"[1225, 1226]",2,"{'n_violations': 2, 'window_size': 8}"
ANOM000162,N024,FORMAT_VIOLATION,2025-12-15T08:00:00Z,2026-01-08T16:00:00Z,"[1225, 1226]",2,"{'n_violations': 2, 'window_size': 8}"
ANOM000163,N024,FORMAT_VIOLATION,2025-12-29T08:00:00Z,2026-01-22T16:00:00Z,"[1233, 1235]",2,"{'n_violations': 2, 'window_size': 8}"
ANOM000164,N024,FORMAT_VIOLATION,2026-01-12T08:00:00Z,2026-02-05T16:00:00Z,"[1233, 1235]",2,"{'n_violations': 2, 'window_size': 8}"
ANOM000165,N024,FORMAT_VIOLATION,2026-01-26T08:00:00Z,2026-02-19T16:00:00Z,"[1242, 1243]",2,"{'n_violations': 2, 'window_size': 8}"
ANOM000166,N024,FORMAT_VIOLATION,2026-02-09T08:00:00Z,2026-03-05T16:00:00Z,"[1242, 1243]",2,"{'n_violations': 2, 'window_size': 8}"
ANOM000167,N024,FORMAT_VIOLATION,2026-02-23T08:00:00Z,2026-03-19T16:00:00Z,"[1248, 1249]",2,"{'n_violations': 2, 'window_size': 8}"
ANOM000168,N024,FORMAT_VIOLATION,2026-03-09T08:00:00Z,2026-04-02T16:00:00Z,"[1248, 1249]",2,"{'n_violations': 2, 'window_size': 8}"
ANOM000169,N024,FORMAT_VIOLATION,2026-03-23T08:00:00Z,2026-04-16T16:00:00Z,"[1256, 1257]",2,"{'n_violations': 2, 'window_size': 8}"
ANOM000170,N024,FORMAT_VIOLATION,2026-04-06T08:00:00Z,2026-04-30T16:00:00Z,"[1256, 1257]",2,"{'n_violations': 2, 'window_size': 8}"
ANOM000171,N024,FORMAT_VIOLATION,2026-04-20T08:00:00Z,2026-05-14T16:00:00Z,"[1265, 1266]",2,"{'n_violations': 2, 'window_size': 8}"
ANOM000172,N024,FORMAT_VIOLATION,2026-05-04T08:00:00Z,2026-05-28T16:00:00Z,"[1265, 1266]",2,"{'n_violations': 2, 'window_size': 8}"
ANOM000173,N027,FORMAT_VIOLATION,2025-08-11T08:00:00Z,2025-09-04T16:00:00Z,[1305],1,"{'n_violations': 1, 'window_size': 8}"
ANOM000174,N027,MISSING_RATE_SHIFT,2025-08-25T08:00:00Z,2025-09-18T16:00:00Z,"[1304, 1305, 1306, 1307, 1308, 1309, 1310, 1311]",8,"{'window_missing_rate': 0.25, 'profile_missing_rate': 0.01, 'shift': 0.24}"
ANOM000175,N027,FORMAT_VIOLATION,2025-08-25T08:00:00Z,2025-09-18T16:00:00Z,[1305],1,"{'n_violations': 1, 'window_size': 8}"
ANOM000176,N027,MISSING_RATE_SHIFT,2025-09-08T08:00:00Z,2025-10-02T16:00:00Z,"[1308, 1309, 1310, 1311, 1312, 1313, 1314, 1315]",8,"{'window_missing_rate': 0.25, 'profile_missing_rate': 0.01, 'shift': 0.24}"
ANOM000177,N027,MISSING_RATE_SHIFT,2025-09-22T08:00:00Z,2025-10-16T16:00:00Z,"[1312, 1313, 1314, 1315, 1316, 1317, 1318, 1319]",8,"{'window_missing_rate': 0.25, 'profile_missing_rate': 0.01, 'shift': 0.24}"
ANOM000178,N027,MISSING_RATE_SHIFT,2025-10-06T08:00:00Z,2025-10-30T16:00:00Z,"[1316, 1317, 1318, 1319, 1320, 1321, 1322, 1323]",8,"{'window_missing_rate': 0.375, 'profile_missing_rate': 0.01, 'shift': 0.365}"
ANOM000179,N027,MISSING_RATE_SHIFT,2025-11-03T08:00:00Z,2025-11-27T16:00:00Z,"[1324, 1325, 1326, 1327, 1328, 1329, 1330, 1331]",8,"{'window_missing_rate': 0.25, 'profile_missing_rate': 0.01, 'shift': 0.24}"
ANOM000180,N027,MISSING_RATE_SHIFT,2025-11-17T08:00:00Z,2025-12-11T16:00:00Z,"[1328, 1329, 1330, 1331, 1332, 1333, 1334, 1335]",8,"{'window_missing_rate': 0.375, 'profile_missing_rate': 0.01, 'shift': 0.365}"
ANOM000181,N027,MISSING_RATE_SHIFT,2025-12-15T08:00:00Z,2026-01-08T16:00:00Z,"[1336, 1337, 1338, 1339, 1340, 1341, 1342, 1343]",8,"{'window_missing_rate': 0.375, 'profile_missing_rate': 0.01, 'shift': 0.365}"
ANOM000182,N027,MISSING_RATE_SHIFT,2025-12-29T08:00:00Z,2026-01-22T16:00:00Z,"[1340, 1341, 1342, 1343, 1344, 1345, 1346, 1347]",8,"{'window_missing_rate': 0.375, 'profile_missing_rate': 0.01, 'shift': 0.365}"
ANOM000183,N027,MISSING_RATE_SHIFT,2026-01-26T08:00:00Z,2026-02-19T16:00:00Z,"[1348, 1349, 1350, 1351, 1352, 1353, 1354, 1355]",8,"{'window_missing_rate': 0.375, 'profile_missing_rate': 0.01, 'shift': 0.365}"
ANOM000184,N027,MISSING_RATE_SHIFT,2026-02-09T08:00:00Z,2026-03-05T16:00:00Z,"[1352, 1353, 1354, 1355, 1356, 1357, 1358, 1359]",8,"{'window_missing_rate': 0.375, 'profile_missing_rate': 0.01, 'shift': 0.365}"
ANOM000185,N027,MISSING_RATE_SHIFT,2026-02-23T08:00:00Z,2026-03-19T16:00:00Z,"[1356, 1357, 1358, 1359, 1360, 1361, 1362, 1363]",8,"{'window_missing_rate': 0.25, 'profile_missing_rate': 0.01, 'shift': 0.24}"
ANOM000186,N027,MISSING_RATE_SHIFT,2026-03-09T08:00:00Z,2026-04-02T16:00:00Z,"[1360, 1361, 1362, 1363, 1364, 1365, 1366, 1367]",8,"{'window_missing_rate': 0.375, 'profile_missing_rate': 0.01, 'shift': 0.365}"
ANOM000187,N028,MISSING_RATE_SHIFT,2025-12-29T08:00:00Z,2026-01-22T16:00:00Z,"[1452, 1453, 1454, 1455, 1456, 1457, 1458, 1459]",8,"{'window_missing_rate': 0.625, 'profile_missing_rate': 0.01, 'shift': 0.615}"
ANOM000188,N028,MISSING_RATE_SHIFT,2026-01-12T08:00:00Z,2026-02-05T16:00:00Z,"[1456, 1457, 1458, 1459, 1460, 1461, 1462, 1463]",8,"{'window_missing_rate': 0.875, 'profile_missing_rate': 0.01, 'shift': 0.865}"
ANOM000189,N028,MISSING_RATE_SHIFT,2026-01-26T08:00:00Z,2026-02-19T16:00:00Z,"[1460, 1461, 1462, 1463, 1464, 1465, 1466, 1467]",8,"{'window_missing_rate': 0.375, 'profile_missing_rate': 0.01, 'shift': 0.365}"
ANOM000190,N028,FORMAT_VIOLATION,2026-03-23T08:00:00Z,2026-04-16T16:00:00Z,[1481],1,"{'n_violations': 1, 'window_size': 8}"
ANOM000191,N028,FORMAT_VIOLATION,2026-04-06T08:00:00Z,2026-04-30T16:00:00Z,[1481],1,"{'n_violations': 1, 'window_size': 8}"
ANOM000192,N030,FORMAT_VIOLATION,2026-06-08T08:00:00Z,2026-06-25T16:00:00Z,[1761],1,"{'n_violations': 1, 'window_size': 6}"
ANOM000193,N031,FORMAT_VIOLATION,2025-03-31T08:00:00Z,2025-04-24T16:00:00Z,[1782],1,"{'n_violations': 1, 'window_size': 8}"
ANOM000194,N031,FORMAT_VIOLATION,2025-04-14T08:00:00Z,2025-05-08T16:00:00Z,[1782],1,"{'n_violations': 1, 'window_size': 8}"
ANOM000195,N032,MISSING_RATE_SHIFT,2025-09-08T08:00:00Z,2025-10-02T16:00:00Z,"[1936, 1937, 1938, 1939, 1940, 1941, 1942, 1943]",8,"{'window_missing_rate': 0.375, 'profile_missing_rate': 0.01, 'shift': 0.365}"
ANOM000196,N032,MISSING_RATE_SHIFT,2025-09-22T08:00:00Z,2025-10-16T16:00:00Z,"[1940, 1941, 1942, 1943, 1944, 1945, 1946, 1947]",8,"{'window_missing_rate': 0.375, 'profile_missing_rate': 0.01, 'shift': 0.365}"
ANOM000197,N032,MISSING_RATE_SHIFT,2025-10-20T08:00:00Z,2025-11-13T16:00:00Z,"[1948, 1949, 1950, 1951, 1952, 1953, 1954, 1955]",8,"{'window_missing_rate': 0.25, 'profile_missing_rate': 0.01, 'shift': 0.24}"
ANOM000198,N032,MISSING_RATE_SHIFT,2025-11-03T08:00:00Z,2025-11-27T16:00:00Z,"[1952, 1953, 1954, 1955, 1956, 1957, 1958, 1959]",8,"{'window_missing_rate': 0.25, 'profile_missing_rate': 0.01, 'shift': 0.24}"
ANOM000199,N032,MISSING_RATE_SHIFT,2025-12-01T08:00:00Z,2025-12-25T16:00:00Z,"[1960, 1961, 1962, 1963, 1964, 1965, 1966, 1967]",8,"{'window_missing_rate': 0.375, 'profile_missing_rate': 0.01, 'shift': 0.365}"
ANOM000200,N032,MISSING_RATE_SHIFT,2025-12-15T08:00:00Z,2026-01-08T16:00:00Z,"[1964, 1965, 1966, 1967, 1968, 1969, 1970, 1971]",8,"{'window_missing_rate': 0.375, 'profile_missing_rate': 0.01, 'shift': 0.365}"
ANOM000201,N032,MISSING_RATE_SHIFT,2026-01-12T08:00:00Z,2026-02-05T16:00:00Z,"[1972, 1973, 1974, 1975, 1976, 1977, 1978, 1979]",8,"{'window_missing_rate': 0.375, 'profile_missing_rate': 0.01, 'shift': 0.365}"
ANOM000202,N032,FORMAT_VIOLATION,2026-01-12T08:00:00Z,2026-02-05T16:00:00Z,[1979],1,"{'n_violations': 1, 'window_size': 8}"
ANOM000203,N032,MISSING_RATE_SHIFT,2026-01-26T08:00:00Z,2026-02-19T16:00:00Z,"[1976, 1977, 1978, 1979, 1980, 1981, 1982, 1983]",8,"{'window_missing_rate': 0.375, 'profile_missing_rate': 0.01, 'shift': 0.365}"
ANOM000204,N032,FORMAT_VIOLATION,2026-01-26T08:00:00Z,2026-02-19T16:00:00Z,[1979],1,"{'n_violations': 1, 'window_size': 8}"
ANOM000205,N032,MISSING_RATE_SHIFT,2026-02-23T08:00:00Z,2026-03-19T16:00:00Z,"[1984, 1985, 1986, 1987, 1988, 1989, 1990, 1991]",8,"{'window_missing_rate': 0.375, 'profile_missing_rate': 0.01, 'shift': 0.365}"
ANOM000206,N032,MISSING_RATE_SHIFT,2026-03-09T08:00:00Z,2026-04-02T16:00:00Z,"[1988, 1989, 1990, 1991, 1992, 1993, 1994, 1995]",8,"{'window_missing_rate': 0.375, 'profile_missing_rate': 0.01, 'shift': 0.365}"
ANOM000207,N032,MISSING_RATE_SHIFT,2026-04-06T08:00:00Z,2026-04-30T16:00:00Z,"[1996, 1997, 1998, 1999, 2000, 2001, 2002, 2003]",8,"{'window_missing_rate': 0.375, 'profile_missing_rate': 0.01, 'shift': 0.365}"
ANOM000208,N032,MISSING_RATE_SHIFT,2026-04-20T08:00:00Z,2026-05-14T16:00:00Z,"[2000, 2001, 2002, 2003, 2004, 2005, 2006, 2007]",8,"{'window_missing_rate': 0.375, 'profile_missing_rate': 0.01, 'shift': 0.365}"
ANOM000209,N032,FORMAT_VIOLATION,2026-06-01T08:00:00Z,2026-06-25T16:00:00Z,[2016],1,"{'n_violations': 1, 'window_size': 8}"
ANOM000210,N032,FORMAT_VIOLATION,2026-06-15T08:00:00Z,2026-06-25T16:00:00Z,[2016],1,"{'n_violations': 1, 'window_size': 4}"
