defect_id,detected_at,field_version,symptom,detection_method,confirmed_category,confirmed_at,basis,adjudicated_by
D0001,2025-02-21T00:00:00Z,N009@SCHEMA_V1,report unit label switched,ROUTINE_AUDIT,UNIT_CHANGE,2025-02-26T00:00:00Z,unit label differs from profile across the affected window,QUALITY_LEAD_01
D0002,2025-03-01T00:00:00Z,N009@SCHEMA_V1,report unit label switched,ROUTINE_AUDIT,UNIT_CHANGE,2025-03-06T00:00:00Z,unit label differs from profile across the affected window,DATA_PLATFORM_LEAD_01
D0003,2025-03-05T00:00:00Z,N009@SCHEMA_V1,report unit label switched,ROUTINE_AUDIT,UNIT_CHANGE,2025-03-10T00:00:00Z,unit label differs from profile across the affected window,QUALITY_LEAD_02
D0004,2025-03-13T00:00:00Z,N009@SCHEMA_V1,report unit label switched,ROUTINE_AUDIT,UNIT_CHANGE,2025-03-17T00:00:00Z,unit label differs from profile across the affected window,QUALITY_LEAD_01
D0005,2025-02-25T00:00:00Z,N005@SCHEMA_V1,garbled and out-of-range report values,ROUTINE_AUDIT,INTERFACE_MAPPING_ERROR,2025-03-01T00:00:00Z,garbled and out-of-range values traced to interface remap,DATA_PLATFORM_LEAD_01
D0006,2025-03-05T00:00:00Z,N005@SCHEMA_V1,garbled and out-of-range report values,ROUTINE_AUDIT,INTERFACE_MAPPING_ERROR,2025-03-10T00:00:00Z,garbled and out-of-range values traced to interface remap,QUALITY_LEAD_02
D0007,2025-03-09T00:00:00Z,N005@SCHEMA_V1,garbled and out-of-range report values,ROUTINE_AUDIT,INTERFACE_MAPPING_ERROR,2025-03-13T00:00:00Z,garbled and out-of-range values traced to interface remap,QUALITY_LEAD_01
D0008,2025-03-15T00:00:00Z,N005@SCHEMA_V1,garbled and out-of-range report values,ROUTINE_AUDIT,INTERFACE_MAPPING_ERROR,2025-03-18T00:00:00Z,garbled and out-of-range values traced to interface remap,DATA_PLATFORM_LEAD_01
D0009,2025-03-23T00:00:00Z,N005@SCHEMA_V1,garbled and out-of-range report values,ROUTINE_AUDIT,INTERFACE_MAPPING_ERROR,2025-03-27T00:00:00Z,garbled and out-of-range values traced to interface remap,QUALITY_LEAD_02
D0010,2025-03-28T00:00:00Z,N005@SCHEMA_V1,garbled and out-of-range report values,ROUTINE_AUDIT,INTERFACE_MAPPING_ERROR,2025-04-02T00:00:00Z,garbled and out-of-range values traced to interface remap,QUALITY_LEAD_01
D0011,2025-04-03T00:00:00Z,N005@SCHEMA_V1,garbled and out-of-range report values,ROUTINE_AUDIT,INTERFACE_MAPPING_ERROR,2025-04-08T00:00:00Z,garbled and out-of-range values traced to interface remap,DATA_PLATFORM_LEAD_01
D0012,2025-04-09T00:00:00Z,N005@SCHEMA_V1,garbled and out-of-range report values,ROUTINE_AUDIT,INTERFACE_MAPPING_ERROR,2025-04-11T00:00:00Z,garbled and out-of-range values traced to interface remap,QUALITY_LEAD_02
D0013,2025-04-14T00:00:00Z,N005@SCHEMA_V1,garbled and out-of-range report values,ROUTINE_AUDIT,INTERFACE_MAPPING_ERROR,2025-04-17T00:00:00Z,garbled and out-of-range values traced to interface remap,QUALITY_LEAD_01
D0014,2025-04-20T00:00:00Z,N005@SCHEMA_V1,garbled and out-of-range report values,ROUTINE_AUDIT,INTERFACE_MAPPING_ERROR,2025-04-24T00:00:00Z,garbled and out-of-range values traced to interface remap,DATA_PLATFORM_LEAD_01
D0015,2025-04-27T00:00:00Z,N005@SCHEMA_V1,garbled and out-of-range report values,ROUTINE_AUDIT,INTERFACE_MAPPING_ERROR,2025-04-29T00:00:00Z,garbled and out-of-range values traced to interface remap,QUALITY_LEAD_02
D0016,2025-05-04T00:00:00Z,N005@SCHEMA_V1,garbled and out-of-range report values,ROUTINE_AUDIT,INTERFACE_MAPPING_ERROR,2025-05-06T00:00:00Z,garbled and out-of-range values traced to interface remap,QUALITY_LEAD_01
D0017,2025-03-29T00:00:00Z,N002@SCHEMA_V1,burst of missing rows,ROUTINE_AUDIT,EXTRACTION_FAILURE,2025-04-03T00:00:00Z,missing burst aligned with extraction pipeline change,DATA_PLATFORM_LEAD_01
D0018,2025-07-09T00:00:00Z,N022@SCHEMA_V2,report unit label switched,ROUTINE_AUDIT,UNIT_CHANGE,2025-07-12T00:00:00Z,unit label differs from profile across the affected window,QUALITY_LEAD_02
D0019,2025-07-17T00:00:00Z,N022@SCHEMA_V2,report unit label switched,ROUTINE_AUDIT,UNIT_CHANGE,2025-07-20T00:00:00Z,unit label differs from profile across the affected window,QUALITY_LEAD_01
D0020,2025-07-21T00:00:00Z,N022@SCHEMA_V2,report unit label switched,ROUTINE_AUDIT,UNIT_CHANGE,2025-07-24T00:00:00Z,unit label differs from profile across the affected window,DATA_PLATFORM_LEAD_01
D0021,2025-07-28T00:00:00Z,N022@SCHEMA_V2,report unit label switched,ROUTINE_AUDIT,UNIT_CHANGE,2025-07-31T00:00:00Z,unit label differs from profile across the affected window,QUALITY_LEAD_02
D0022,2025-08-16T00:00:00Z,N022@SCHEMA_V2,report unit label switched,ROUTINE_AUDIT,UNIT_CHANGE,2025-08-20T00:00:00Z,unit label differs from profile across the affected window,QUALITY_LEAD_01
D0023,2025-08-23T00:00:00Z,N022@SCHEMA_V2,report unit label switched,ROUTINE_AUDIT,UNIT_CHANGE,2025-08-27T00:00:00Z,unit label differs from profile across the affected window,DATA_PLATFORM_LEAD_01
D0024,2025-08-29T00:00:00Z,N022@SCHEMA_V2,report unit label switched,ROUTINE_AUDIT,UNIT_CHANGE,2025-09-02T00:00:00Z,unit label differs from profile across the affected window,QUALITY_LEAD_02
D0025,2025-09-04T00:00:00Z,N022@SCHEMA_V2,report unit label switched,ROUTINE_AUDIT,UNIT_CHANGE,2025-09-07T00:00:00Z,unit label differs from profile across the affected window,QUALITY_LEAD_01
D0026,2025-09-16T00:00:00Z,N022@SCHEMA_V2,report unit label switched,ROUTINE_AUDIT,UNIT_CHANGE,2025-09-18T00:00:00Z,unit label differs from profile across the affected window,DATA_PLATFORM_LEAD_01
D0027,2025-09-22T00:00:00Z,N022@SCHEMA_V2,report unit label switched,ROUTINE_AUDIT,UNIT_CHANGE,2025-09-24T00:00:00Z,unit label differs from profile across the affected window,QUALITY_LEAD_02
D0028,2025-09-30T00:00:00Z,N022@SCHEMA_V2,report unit label switched,ROUTINE_AUDIT,UNIT_CHANGE,2025-10-05T00:00:00Z,unit label differs from profile across the affected window,QUALITY_LEAD_01
D0029,2025-10-06T00:00:00Z,N022@SCHEMA_V2,report unit label switched,ROUTINE_AUDIT,UNIT_CHANGE,2025-10-11T00:00:00Z,unit label differs from profile across the affected window,DATA_PLATFORM_LEAD_01
D0030,2025-10-18T00:00:00Z,N022@SCHEMA_V2,report unit label switched,ROUTINE_AUDIT,UNIT_CHANGE,2025-10-23T00:00:00Z,unit label differs from profile across the affected window,QUALITY_LEAD_02
D0031,2025-10-26T00:00:00Z,N022@SCHEMA_V2,report unit label switched,ROUTINE_AUDIT,UNIT_CHANGE,2025-10-30T00:00:00Z,unit label differs from profile across the affected window,QUALITY_LEAD_01
D0032,2025-10-30T00:00:00Z,N022@SCHEMA_V2,report unit label switched,ROUTINE_AUDIT,UNIT_CHANGE,2025-11-04T00:00:00Z,unit label differs from profile across the affected window,DATA_PLATFORM_LEAD_01
D0033,2025-11-05T00:00:00Z,N022@SCHEMA_V2,report unit label switched,ROUTINE_AUDIT,UNIT_CHANGE,2025-11-10T00:00:00Z,unit label differs from profile across the affected window,QUALITY_LEAD_02
D0034,2025-11-23T00:00:00Z,N022@SCHEMA_V2,report unit label switched,ROUTINE_AUDIT,UNIT_CHANGE,2025-11-28T00:00:00Z,unit label differs from profile across the affected window,QUALITY_LEAD_01
D0035,2025-11-28T00:00:00Z,N022@SCHEMA_V2,report unit label switched,ROUTINE_AUDIT,UNIT_CHANGE,2025-12-02T00:00:00Z,unit label differs from profile across the affected window,DATA_PLATFORM_LEAD_01
D0036,2025-12-05T00:00:00Z,N022@SCHEMA_V2,report unit label switched,ROUTINE_AUDIT,UNIT_CHANGE,2025-12-09T00:00:00Z,unit label differs from profile across the affected window,QUALITY_LEAD_02
D0037,2025-12-12T00:00:00Z,N022@SCHEMA_V2,report unit label switched,ROUTINE_AUDIT,UNIT_CHANGE,2025-12-16T00:00:00Z,unit label differs from profile across the affected window,QUALITY_LEAD_01
D0038,2025-12-26T00:00:00Z,N022@SCHEMA_V2,report unit label switched,ROUTINE_AUDIT,UNIT_CHANGE,2025-12-30T00:00:00Z,unit label differs from profile across the affected window,DATA_PLATFORM_LEAD_01
D0039,2025-12-30T00:00:00Z,N022@SCHEMA_V2,report unit label switched,ROUTINE_AUDIT,UNIT_CHANGE,2026-01-03T00:00:00Z,unit label differs from profile across the affected window,QUALITY_LEAD_02
D0040,2026-01-06T00:00:00Z,N022@SCHEMA_V2,report unit label switched,ROUTINE_AUDIT,UNIT_CHANGE,2026-01-11T00:00:00Z,unit label differs from profile across the affected window,QUALITY_LEAD_01
D0041,2026-01-13T00:00:00Z,N022@SCHEMA_V2,report unit label switched,ROUTINE_AUDIT,UNIT_CHANGE,2026-01-15T00:00:00Z,unit label differs from profile across the affected window,DATA_PLATFORM_LEAD_01
D0042,2026-01-26T00:00:00Z,N022@SCHEMA_V2,report unit label switched,ROUTINE_AUDIT,UNIT_CHANGE,2026-01-29T00:00:00Z,unit label differs from profile across the affected window,QUALITY_LEAD_02
D0043,2026-02-01T00:00:00Z,N022@SCHEMA_V2,report unit label switched,ROUTINE_AUDIT,UNIT_CHANGE,2026-02-06T00:00:00Z,unit label differs from profile across the affected window,QUALITY_LEAD_01
D0044,2026-02-07T00:00:00Z,N022@SCHEMA_V2,report unit label switched,ROUTINE_AUDIT,UNIT_CHANGE,2026-02-11T00:00:00Z,unit label differs from profile across the affected window,DATA_PLATFORM_LEAD_01
D0045,2026-02-14T00:00:00Z,N022@SCHEMA_V2,report unit label switched,ROUTINE_AUDIT,UNIT_CHANGE,2026-02-19T00:00:00Z,unit label differs from profile across the affected window,QUALITY_LEAD_02
D0046,2026-02-28T00:00:00Z,N022@SCHEMA_V2,report unit label switched,ROUTINE_AUDIT,UNIT_CHANGE,2026-03-03T00:00:00Z,unit label differs from profile across the affected window,QUALITY_LEAD_01
D0047,2026-03-06T00:00:00Z,N022@SCHEMA_V2,report unit label switched,ROUTINE_AUDIT,UNIT_CHANGE,2026-03-11T00:00:00Z,unit label differs from profile across the affected window,DATA_PLATFORM_LEAD_01
D0048,2026-03-10T00:00:00Z,N022@SCHEMA_V2,report unit label switched,ROUTINE_AUDIT,UNIT_CHANGE,2026-03-15T00:00:00Z,unit label differs from profile across the affected window,QUALITY_LEAD_02
D0049,2026-03-16T00:00:00Z,N022@SCHEMA_V2,report unit label switched,ROUTINE_AUDIT,UNIT_CHANGE,2026-03-19T00:00:00Z,unit label differs from profile across the affected window,QUALITY_LEAD_01
D0050,2026-04-03T00:00:00Z,N022@SCHEMA_V2,report unit label switched,ROUTINE_AUDIT,UNIT_CHANGE,2026-04-06T00:00:00Z,unit label differs from profile across the affected window,DATA_PLATFORM_LEAD_01
D0051,2026-04-08T00:00:00Z,N022@SCHEMA_V2,report unit label switched,ROUTINE_AUDIT,UNIT_CHANGE,2026-04-11T00:00:00Z,unit label differs from profile across the affected window,QUALITY_LEAD_02
D0052,2026-04-16T00:00:00Z,N022@SCHEMA_V2,report unit label switched,ROUTINE_AUDIT,UNIT_CHANGE,2026-04-20T00:00:00Z,unit label differs from profile across the affected window,QUALITY_LEAD_01
D0053,2026-04-22T00:00:00Z,N022@SCHEMA_V2,report unit label switched,ROUTINE_AUDIT,UNIT_CHANGE,2026-04-24T00:00:00Z,unit label differs from profile across the affected window,DATA_PLATFORM_LEAD_01
D0054,2025-09-14T00:00:00Z,N017@SCHEMA_V2,shifted result distribution,ROUTINE_AUDIT,FIELD_SEMANTIC_CHANGE,2025-09-18T00:00:00Z,distribution shift without format or unit change,QUALITY_LEAD_02
D0055,2025-09-18T00:00:00Z,N017@SCHEMA_V2,shifted result distribution,ROUTINE_AUDIT,FIELD_SEMANTIC_CHANGE,2025-09-20T00:00:00Z,distribution shift without format or unit change,QUALITY_LEAD_01
D0056,2025-09-25T00:00:00Z,N017@SCHEMA_V2,shifted result distribution,ROUTINE_AUDIT,FIELD_SEMANTIC_CHANGE,2025-09-28T00:00:00Z,distribution shift without format or unit change,DATA_PLATFORM_LEAD_01
D0057,2025-10-02T00:00:00Z,N017@SCHEMA_V2,shifted result distribution,ROUTINE_AUDIT,FIELD_SEMANTIC_CHANGE,2025-10-06T00:00:00Z,distribution shift without format or unit change,QUALITY_LEAD_02
D0058,2025-11-12T00:00:00Z,N017@SCHEMA_V2,shifted result distribution,ROUTINE_AUDIT,FIELD_SEMANTIC_CHANGE,2025-11-16T00:00:00Z,distribution shift without format or unit change,QUALITY_LEAD_01
D0059,2025-11-20T00:00:00Z,N017@SCHEMA_V2,shifted result distribution,ROUTINE_AUDIT,FIELD_SEMANTIC_CHANGE,2025-11-22T00:00:00Z,distribution shift without format or unit change,DATA_PLATFORM_LEAD_01
D0060,2025-11-24T00:00:00Z,N017@SCHEMA_V2,shifted result distribution,ROUTINE_AUDIT,FIELD_SEMANTIC_CHANGE,2025-11-26T00:00:00Z,distribution shift without format or unit change,QUALITY_LEAD_02
D0061,2025-12-02T00:00:00Z,N017@SCHEMA_V2,shifted result distribution,ROUTINE_AUDIT,FIELD_SEMANTIC_CHANGE,2025-12-07T00:00:00Z,distribution shift without format or unit change,QUALITY_LEAD_01
D0062,2026-01-28T00:00:00Z,N017@SCHEMA_V2,shifted result distribution with approved policy change,ROUTINE_AUDIT,TRUE_BUSINESS_CHANGE,2026-02-01T00:00:00Z,distribution shift confirmed as intended policy change,DATA_PLATFORM_LEAD_01
D0063,2026-02-03T00:00:00Z,N017@SCHEMA_V2,shifted result distribution with approved policy change,ROUTINE_AUDIT,TRUE_BUSINESS_CHANGE,2026-02-07T00:00:00Z,distribution shift confirmed as intended policy change,QUALITY_LEAD_02
D0064,2026-02-08T00:00:00Z,N017@SCHEMA_V2,shifted result distribution with approved policy change,ROUTINE_AUDIT,TRUE_BUSINESS_CHANGE,2026-02-10T00:00:00Z,distribution shift confirmed as intended policy change,QUALITY_LEAD_01
D0065,2026-02-16T00:00:00Z,N017@SCHEMA_V2,shifted result distribution with approved policy change,ROUTINE_AUDIT,TRUE_BUSINESS_CHANGE,2026-02-19T00:00:00Z,distribution shift confirmed as intended policy change,DATA_PLATFORM_LEAD_01
D0066,2026-03-06T00:00:00Z,N017@SCHEMA_V2,shifted result distribution with approved policy change,ROUTINE_AUDIT,TRUE_BUSINESS_CHANGE,2026-03-11T00:00:00Z,distribution shift confirmed as intended policy change,QUALITY_LEAD_02
D0067,2026-03-14T00:00:00Z,N017@SCHEMA_V2,shifted result distribution with approved policy change,ROUTINE_AUDIT,TRUE_BUSINESS_CHANGE,2026-03-18T00:00:00Z,distribution shift confirmed as intended policy change,QUALITY_LEAD_01
D0068,2026-03-19T00:00:00Z,N017@SCHEMA_V2,shifted result distribution with approved policy change,ROUTINE_AUDIT,TRUE_BUSINESS_CHANGE,2026-03-23T00:00:00Z,distribution shift confirmed as intended policy change,DATA_PLATFORM_LEAD_01
D0069,2026-03-25T00:00:00Z,N017@SCHEMA_V2,shifted result distribution with approved policy change,ROUTINE_AUDIT,TRUE_BUSINESS_CHANGE,2026-03-27T00:00:00Z,distribution shift confirmed as intended policy change,QUALITY_LEAD_02
D0070,2026-04-13T00:00:00Z,N017@SCHEMA_V2,shifted result distribution with approved policy change,ROUTINE_AUDIT,TRUE_BUSINESS_CHANGE,2026-04-17T00:00:00Z,distribution shift confirmed as intended policy change,QUALITY_LEAD_01
D0071,2026-04-20T00:00:00Z,N017@SCHEMA_V2,shifted result distribution with approved policy change,ROUTINE_AUDIT,TRUE_BUSINESS_CHANGE,2026-04-25T00:00:00Z,distribution shift confirmed as intended policy change,DATA_PLATFORM_LEAD_01
D0072,2026-04-26T00:00:00Z,N017@SCHEMA_V2,shifted result distribution with approved policy change,ROUTINE_AUDIT,TRUE_BUSINESS_CHANGE,2026-04-30T00:00:00Z,distribution shift confirmed as intended policy change,QUALITY_LEAD_02
D0073,2026-04-30T00:00:00Z,N017@SCHEMA_V2,shifted result distribution with approved policy change,ROUTINE_AUDIT,TRUE_BUSINESS_CHANGE,2026-05-03T00:00:00Z,distribution shift confirmed as intended policy change,QUALITY_LEAD_01
D0074,2026-05-21T00:00:00Z,N017@SCHEMA_V2,shifted result distribution with approved policy change,ROUTINE_AUDIT,TRUE_BUSINESS_CHANGE,2026-05-24T00:00:00Z,distribution shift confirmed as intended policy change,DATA_PLATFORM_LEAD_01
D0075,2026-05-26T00:00:00Z,N017@SCHEMA_V2,shifted result distribution with approved policy change,ROUTINE_AUDIT,TRUE_BUSINESS_CHANGE,2026-05-28T00:00:00Z,distribution shift confirmed as intended policy change,QUALITY_LEAD_02
D0076,2026-06-02T00:00:00Z,N017@SCHEMA_V2,shifted result distribution with approved policy change,ROUTINE_AUDIT,TRUE_BUSINESS_CHANGE,2026-06-07T00:00:00Z,distribution shift confirmed as intended policy change,QUALITY_LEAD_01
D0077,2026-06-06T00:00:00Z,N017@SCHEMA_V2,shifted result distribution with approved policy change,ROUTINE_AUDIT,TRUE_BUSINESS_CHANGE,2026-06-10T00:00:00Z,distribution shift confirmed as intended policy change,DATA_PLATFORM_LEAD_01
D0078,2026-06-14T00:00:00Z,N017@SCHEMA_V2,shifted result distribution with approved policy change,ROUTINE_AUDIT,TRUE_BUSINESS_CHANGE,2026-06-18T00:00:00Z,distribution shift confirmed as intended policy change,QUALITY_LEAD_02
D0079,2026-06-20T00:00:00Z,N017@SCHEMA_V2,shifted result distribution with approved policy change,ROUTINE_AUDIT,TRUE_BUSINESS_CHANGE,2026-06-22T00:00:00Z,distribution shift confirmed as intended policy change,QUALITY_LEAD_01
D0080,2025-06-15T00:00:00Z,N019@SCHEMA_V2,shifted result distribution,ROUTINE_AUDIT,FIELD_SEMANTIC_CHANGE,2025-06-18T00:00:00Z,distribution shift without format or unit change,DATA_PLATFORM_LEAD_01
D0081,2025-06-21T00:00:00Z,N019@SCHEMA_V2,shifted result distribution,ROUTINE_AUDIT,FIELD_SEMANTIC_CHANGE,2025-06-24T00:00:00Z,distribution shift without format or unit change,QUALITY_LEAD_02
D0082,2025-06-28T00:00:00Z,N019@SCHEMA_V2,shifted result distribution,ROUTINE_AUDIT,FIELD_SEMANTIC_CHANGE,2025-07-03T00:00:00Z,distribution shift without format or unit change,QUALITY_LEAD_01
D0083,2025-07-05T00:00:00Z,N019@SCHEMA_V2,shifted result distribution,ROUTINE_AUDIT,FIELD_SEMANTIC_CHANGE,2025-07-10T00:00:00Z,distribution shift without format or unit change,DATA_PLATFORM_LEAD_01
D0084,2025-07-25T00:00:00Z,N019@SCHEMA_V2,shifted result distribution,ROUTINE_AUDIT,FIELD_SEMANTIC_CHANGE,2025-07-28T00:00:00Z,distribution shift without format or unit change,QUALITY_LEAD_02
D0085,2025-07-29T00:00:00Z,N019@SCHEMA_V2,shifted result distribution,ROUTINE_AUDIT,FIELD_SEMANTIC_CHANGE,2025-07-31T00:00:00Z,distribution shift without format or unit change,QUALITY_LEAD_01
D0086,2025-08-05T00:00:00Z,N019@SCHEMA_V2,shifted result distribution,ROUTINE_AUDIT,FIELD_SEMANTIC_CHANGE,2025-08-07T00:00:00Z,distribution shift without format or unit change,DATA_PLATFORM_LEAD_01
D0087,2025-08-11T00:00:00Z,N019@SCHEMA_V2,shifted result distribution,ROUTINE_AUDIT,FIELD_SEMANTIC_CHANGE,2025-08-13T00:00:00Z,distribution shift without format or unit change,QUALITY_LEAD_02
D0088,2025-08-26T00:00:00Z,N019@SCHEMA_V2,shifted result distribution,ROUTINE_AUDIT,FIELD_SEMANTIC_CHANGE,2025-08-28T00:00:00Z,distribution shift without format or unit change,QUALITY_LEAD_01
D0089,2025-09-01T00:00:00Z,N019@SCHEMA_V2,shifted result distribution,ROUTINE_AUDIT,FIELD_SEMANTIC_CHANGE,2025-09-06T00:00:00Z,distribution shift without format or unit change,DATA_PLATFORM_LEAD_01
D0090,2025-09-06T00:00:00Z,N019@SCHEMA_V2,shifted result distribution,ROUTINE_AUDIT,FIELD_SEMANTIC_CHANGE,2025-09-09T00:00:00Z,distribution shift without format or unit change,QUALITY_LEAD_02
D0091,2025-09-13T00:00:00Z,N019@SCHEMA_V2,shifted result distribution,ROUTINE_AUDIT,FIELD_SEMANTIC_CHANGE,2025-09-16T00:00:00Z,distribution shift without format or unit change,QUALITY_LEAD_01
D0092,2025-09-28T00:00:00Z,N019@SCHEMA_V2,shifted result distribution,ROUTINE_AUDIT,FIELD_SEMANTIC_CHANGE,2025-10-01T00:00:00Z,distribution shift without format or unit change,DATA_PLATFORM_LEAD_01
D0093,2025-10-06T00:00:00Z,N019@SCHEMA_V2,shifted result distribution,ROUTINE_AUDIT,FIELD_SEMANTIC_CHANGE,2025-10-11T00:00:00Z,distribution shift without format or unit change,QUALITY_LEAD_02
D0094,2025-10-11T00:00:00Z,N019@SCHEMA_V2,shifted result distribution,ROUTINE_AUDIT,FIELD_SEMANTIC_CHANGE,2025-10-16T00:00:00Z,distribution shift without format or unit change,QUALITY_LEAD_01
D0095,2025-10-16T00:00:00Z,N019@SCHEMA_V2,shifted result distribution,ROUTINE_AUDIT,FIELD_SEMANTIC_CHANGE,2025-10-19T00:00:00Z,distribution shift without format or unit change,DATA_PLATFORM_LEAD_01
D0096,2025-11-03T00:00:00Z,N019@SCHEMA_V2,shifted result distribution,ROUTINE_AUDIT,FIELD_SEMANTIC_CHANGE,2025-11-06T00:00:00Z,distribution shift without format or unit change,QUALITY_LEAD_02
D0097,2025-11-11T00:00:00Z,N019@SCHEMA_V2,shifted result distribution,ROUTINE_AUDIT,FIELD_SEMANTIC_CHANGE,2025-11-16T00:00:00Z,distribution shift without format or unit change,QUALITY_LEAD_01
D0098,2025-07-22T00:00:00Z,N016@SCHEMA_V2,burst of missing rows,ROUTINE_AUDIT,EXTRACTION_FAILURE,2025-07-25T00:00:00Z,missing burst aligned with extraction pipeline change,DATA_PLATFORM_LEAD_01
D0099,2025-07-29T00:00:00Z,N016@SCHEMA_V2,burst of missing rows,ROUTINE_AUDIT,EXTRACTION_FAILURE,2025-08-02T00:00:00Z,missing burst aligned with extraction pipeline change,QUALITY_LEAD_02
D0100,2025-08-05T00:00:00Z,N016@SCHEMA_V2,burst of missing rows,ROUTINE_AUDIT,EXTRACTION_FAILURE,2025-08-08T00:00:00Z,missing burst aligned with extraction pipeline change,QUALITY_LEAD_01
D0101,2025-08-09T00:00:00Z,N016@SCHEMA_V2,burst of missing rows,ROUTINE_AUDIT,EXTRACTION_FAILURE,2025-08-12T00:00:00Z,missing burst aligned with extraction pipeline change,DATA_PLATFORM_LEAD_01
D0102,2025-08-31T00:00:00Z,N016@SCHEMA_V2,burst of missing rows,ROUTINE_AUDIT,EXTRACTION_FAILURE,2025-09-05T00:00:00Z,missing burst aligned with extraction pipeline change,QUALITY_LEAD_02
D0103,2025-09-07T00:00:00Z,N016@SCHEMA_V2,burst of missing rows,ROUTINE_AUDIT,EXTRACTION_FAILURE,2025-09-11T00:00:00Z,missing burst aligned with extraction pipeline change,QUALITY_LEAD_01
D0104,2025-09-13T00:00:00Z,N016@SCHEMA_V2,burst of missing rows,ROUTINE_AUDIT,EXTRACTION_FAILURE,2025-09-15T00:00:00Z,missing burst aligned with extraction pipeline change,DATA_PLATFORM_LEAD_01
D0105,2025-09-19T00:00:00Z,N016@SCHEMA_V2,burst of missing rows,ROUTINE_AUDIT,EXTRACTION_FAILURE,2025-09-24T00:00:00Z,missing burst aligned with extraction pipeline change,QUALITY_LEAD_02
D0106,2025-10-09T00:00:00Z,N016@SCHEMA_V2,burst of missing rows,ROUTINE_AUDIT,EXTRACTION_FAILURE,2025-10-12T00:00:00Z,missing burst aligned with extraction pipeline change,QUALITY_LEAD_01
D0107,2025-10-14T00:00:00Z,N016@SCHEMA_V2,burst of missing rows,ROUTINE_AUDIT,EXTRACTION_FAILURE,2025-10-16T00:00:00Z,missing burst aligned with extraction pipeline change,DATA_PLATFORM_LEAD_01
D0108,2025-10-22T00:00:00Z,N016@SCHEMA_V2,burst of missing rows,ROUTINE_AUDIT,EXTRACTION_FAILURE,2025-10-26T00:00:00Z,missing burst aligned with extraction pipeline change,QUALITY_LEAD_02
D0109,2025-10-27T00:00:00Z,N016@SCHEMA_V2,burst of missing rows,ROUTINE_AUDIT,EXTRACTION_FAILURE,2025-10-31T00:00:00Z,missing burst aligned with extraction pipeline change,QUALITY_LEAD_01
D0110,2025-11-15T00:00:00Z,N016@SCHEMA_V2,burst of missing rows,ROUTINE_AUDIT,EXTRACTION_FAILURE,2025-11-17T00:00:00Z,missing burst aligned with extraction pipeline change,DATA_PLATFORM_LEAD_01
D0111,2025-11-19T00:00:00Z,N016@SCHEMA_V2,burst of missing rows,ROUTINE_AUDIT,EXTRACTION_FAILURE,2025-11-24T00:00:00Z,missing burst aligned with extraction pipeline change,QUALITY_LEAD_02
D0112,2025-11-26T00:00:00Z,N016@SCHEMA_V2,burst of missing rows,ROUTINE_AUDIT,EXTRACTION_FAILURE,2025-11-30T00:00:00Z,missing burst aligned with extraction pipeline change,QUALITY_LEAD_01
D0113,2025-12-02T00:00:00Z,N016@SCHEMA_V2,burst of missing rows,ROUTINE_AUDIT,EXTRACTION_FAILURE,2025-12-06T00:00:00Z,missing burst aligned with extraction pipeline change,DATA_PLATFORM_LEAD_01
D0114,2025-12-26T00:00:00Z,N016@SCHEMA_V2,burst of missing rows,ROUTINE_AUDIT,EXTRACTION_FAILURE,2025-12-31T00:00:00Z,missing burst aligned with extraction pipeline change,QUALITY_LEAD_02
D0115,2026-01-02T00:00:00Z,N016@SCHEMA_V2,burst of missing rows,ROUTINE_AUDIT,EXTRACTION_FAILURE,2026-01-06T00:00:00Z,missing burst aligned with extraction pipeline change,QUALITY_LEAD_01
D0116,2026-01-09T00:00:00Z,N016@SCHEMA_V2,burst of missing rows,ROUTINE_AUDIT,EXTRACTION_FAILURE,2026-01-13T00:00:00Z,missing burst aligned with extraction pipeline change,DATA_PLATFORM_LEAD_01
D0117,2026-01-14T00:00:00Z,N016@SCHEMA_V2,burst of missing rows,ROUTINE_AUDIT,EXTRACTION_FAILURE,2026-01-18T00:00:00Z,missing burst aligned with extraction pipeline change,QUALITY_LEAD_02
D0118,2026-02-02T00:00:00Z,N016@SCHEMA_V2,burst of missing rows,ROUTINE_AUDIT,EXTRACTION_FAILURE,2026-02-07T00:00:00Z,missing burst aligned with extraction pipeline change,QUALITY_LEAD_01
D0119,2026-02-08T00:00:00Z,N016@SCHEMA_V2,burst of missing rows,ROUTINE_AUDIT,EXTRACTION_FAILURE,2026-02-12T00:00:00Z,missing burst aligned with extraction pipeline change,DATA_PLATFORM_LEAD_01
D0120,2026-02-15T00:00:00Z,N016@SCHEMA_V2,burst of missing rows,ROUTINE_AUDIT,EXTRACTION_FAILURE,2026-02-18T00:00:00Z,missing burst aligned with extraction pipeline change,QUALITY_LEAD_02
D0121,2026-02-22T00:00:00Z,N016@SCHEMA_V2,burst of missing rows,ROUTINE_AUDIT,EXTRACTION_FAILURE,2026-02-27T00:00:00Z,missing burst aligned with extraction pipeline change,QUALITY_LEAD_01
D0122,2025-06-29T00:00:00Z,N024@SCHEMA_V2,garbled test codes near two interface changes,ROUTINE_AUDIT,INTERFACE_MAPPING_ERROR,2025-07-03T00:00:00Z,garbled and out-of-range values traced to interface remap,DATA_PLATFORM_LEAD_01
D0123,2025-07-30T00:00:00Z,N024@SCHEMA_V2,garbled test codes near two interface changes,ROUTINE_AUDIT,INTERFACE_MAPPING_ERROR,2025-08-03T00:00:00Z,garbled and out-of-range values traced to interface remap,QUALITY_LEAD_02
D0124,2025-09-01T00:00:00Z,N024@SCHEMA_V2,garbled test codes near two interface changes,ROUTINE_AUDIT,INTERFACE_MAPPING_ERROR,2025-09-03T00:00:00Z,garbled and out-of-range values traced to interface remap,QUALITY_LEAD_01
D0125,2025-09-29T00:00:00Z,N024@SCHEMA_V2,garbled test codes near two interface changes,ROUTINE_AUDIT,INTERFACE_MAPPING_ERROR,2025-10-01T00:00:00Z,garbled and out-of-range values traced to interface remap,DATA_PLATFORM_LEAD_01
D0126,2025-10-27T00:00:00Z,N024@SCHEMA_V2,garbled and out-of-range report values,ROUTINE_AUDIT,INTERFACE_MAPPING_ERROR,2025-10-31T00:00:00Z,garbled and out-of-range values traced to interface remap,QUALITY_LEAD_02
D0127,2025-11-01T00:00:00Z,N024@SCHEMA_V2,garbled and out-of-range report values,ROUTINE_AUDIT,INTERFACE_MAPPING_ERROR,2025-11-06T00:00:00Z,garbled and out-of-range values traced to interface remap,QUALITY_LEAD_01
D0128,2025-11-09T00:00:00Z,N024@SCHEMA_V2,garbled and out-of-range report values,ROUTINE_AUDIT,INTERFACE_MAPPING_ERROR,2025-11-11T00:00:00Z,garbled and out-of-range values traced to interface remap,DATA_PLATFORM_LEAD_01
D0129,2025-11-13T00:00:00Z,N024@SCHEMA_V2,garbled and out-of-range report values,ROUTINE_AUDIT,INTERFACE_MAPPING_ERROR,2025-11-17T00:00:00Z,garbled and out-of-range values traced to interface remap,QUALITY_LEAD_02
D0130,2025-11-23T00:00:00Z,N024@SCHEMA_V2,garbled and out-of-range report values,ROUTINE_AUDIT,INTERFACE_MAPPING_ERROR,2025-11-28T00:00:00Z,garbled and out-of-range values traced to interface remap,QUALITY_LEAD_01
D0131,2025-11-29T00:00:00Z,N024@SCHEMA_V2,garbled and out-of-range report values,ROUTINE_AUDIT,INTERFACE_MAPPING_ERROR,2025-12-02T00:00:00Z,garbled and out-of-range values traced to interface remap,DATA_PLATFORM_LEAD_01
D0132,2025-12-07T00:00:00Z,N024@SCHEMA_V2,garbled and out-of-range report values,ROUTINE_AUDIT,INTERFACE_MAPPING_ERROR,2025-12-12T00:00:00Z,garbled and out-of-range values traced to interface remap,QUALITY_LEAD_02
D0133,2025-12-12T00:00:00Z,N024@SCHEMA_V2,garbled and out-of-range report values,ROUTINE_AUDIT,INTERFACE_MAPPING_ERROR,2025-12-15T00:00:00Z,garbled and out-of-range values traced to interface remap,QUALITY_LEAD_01
D0134,2025-12-21T00:00:00Z,N024@SCHEMA_V2,garbled and out-of-range report values,ROUTINE_AUDIT,INTERFACE_MAPPING_ERROR,2025-12-25T00:00:00Z,garbled and out-of-range values traced to interface remap,DATA_PLATFORM_LEAD_01
D0135,2025-12-28T00:00:00Z,N024@SCHEMA_V2,garbled and out-of-range report values,ROUTINE_AUDIT,INTERFACE_MAPPING_ERROR,2025-12-30T00:00:00Z,garbled and out-of-range values traced to interface remap,QUALITY_LEAD_02
D0136,2026-01-02T00:00:00Z,N024@SCHEMA_V2,garbled and out-of-range report values,ROUTINE_AUDIT,INTERFACE_MAPPING_ERROR,2026-01-04T00:00:00Z,garbled and out-of-range values traced to interface remap,QUALITY_LEAD_01
D0137,2026-01-08T00:00:00Z,N024@SCHEMA_V2,garbled and out-of-range report values,ROUTINE_AUDIT,INTERFACE_MAPPING_ERROR,2026-01-10T00:00:00Z,garbled and out-of-range values traced to interface remap,DATA_PLATFORM_LEAD_01
D0138,2026-01-17T00:00:00Z,N024@SCHEMA_V2,garbled and out-of-range report values,ROUTINE_AUDIT,INTERFACE_MAPPING_ERROR,2026-01-20T00:00:00Z,garbled and out-of-range values traced to interface remap,QUALITY_LEAD_02
D0139,2026-01-24T00:00:00Z,N024@SCHEMA_V2,garbled and out-of-range report values,ROUTINE_AUDIT,INTERFACE_MAPPING_ERROR,2026-01-29T00:00:00Z,garbled and out-of-range values traced to interface remap,QUALITY_LEAD_01
D0140,2026-01-28T00:00:00Z,N024@SCHEMA_V2,garbled and out-of-range report values,ROUTINE_AUDIT,INTERFACE_MAPPING_ERROR,2026-02-02T00:00:00Z,garbled and out-of-range values traced to interface remap,DATA_PLATFORM_LEAD_01
D0141,2026-02-03T00:00:00Z,N024@SCHEMA_V2,garbled and out-of-range report values,ROUTINE_AUDIT,INTERFACE_MAPPING_ERROR,2026-02-05T00:00:00Z,garbled and out-of-range values traced to interface remap,QUALITY_LEAD_02
D0142,2026-02-13T00:00:00Z,N024@SCHEMA_V2,garbled and out-of-range report values,ROUTINE_AUDIT,INTERFACE_MAPPING_ERROR,2026-02-15T00:00:00Z,garbled and out-of-range values traced to interface remap,QUALITY_LEAD_01
D0143,2026-02-21T00:00:00Z,N024@SCHEMA_V2,garbled and out-of-range report values,ROUTINE_AUDIT,INTERFACE_MAPPING_ERROR,2026-02-26T00:00:00Z,garbled and out-of-range values traced to interface remap,DATA_PLATFORM_LEAD_01
D0144,2026-02-27T00:00:00Z,N024@SCHEMA_V2,garbled and out-of-range report values,ROUTINE_AUDIT,INTERFACE_MAPPING_ERROR,2026-03-04T00:00:00Z,garbled and out-of-range values traced to interface remap,QUALITY_LEAD_02
D0145,2026-03-03T00:00:00Z,N024@SCHEMA_V2,garbled and out-of-range report values,ROUTINE_AUDIT,INTERFACE_MAPPING_ERROR,2026-03-08T00:00:00Z,garbled and out-of-range values traced to interface remap,QUALITY_LEAD_01
D0146,2026-03-14T00:00:00Z,N024@SCHEMA_V2,garbled and out-of-range report values,ROUTINE_AUDIT,INTERFACE_MAPPING_ERROR,2026-03-17T00:00:00Z,garbled and out-of-range values traced to interface remap,DATA_PLATFORM_LEAD_01
D0147,2026-03-20T00:00:00Z,N024@SCHEMA_V2,garbled and out-of-range report values,ROUTINE_AUDIT,INTERFACE_MAPPING_ERROR,2026-03-24T00:00:00Z,garbled and out-of-range values traced to interface remap,QUALITY_LEAD_02
D0148,2026-03-25T00:00:00Z,N024@SCHEMA_V2,garbled and out-of-range report values,ROUTINE_AUDIT,INTERFACE_MAPPING_ERROR,2026-03-29T00:00:00Z,garbled and out-of-range values traced to interface remap,QUALITY_LEAD_01
D0149,2026-03-30T00:00:00Z,N024@SCHEMA_V2,garbled and out-of-range report values,ROUTINE_AUDIT,INTERFACE_MAPPING_ERROR,2026-04-01T00:00:00Z,garbled and out-of-range values traced to interface remap,DATA_PLATFORM_LEAD_01
D0150,2026-04-09T00:00:00Z,N024@SCHEMA_V2,garbled and out-of-range report values,ROUTINE_AUDIT,INTERFACE_MAPPING_ERROR,2026-04-12T00:00:00Z,garbled and out-of-range values traced to interface remap,QUALITY_LEAD_02
D0151,2026-04-14T00:00:00Z,N024@SCHEMA_V2,garbled and out-of-range report values,ROUTINE_AUDIT,INTERFACE_MAPPING_ERROR,2026-04-18T00:00:00Z,garbled and out-of-range values traced to interface remap,QUALITY_LEAD_01
D0152,2026-04-22T00:00:00Z,N024@SCHEMA_V2,garbled and out-of-range report values,ROUTINE_AUDIT,INTERFACE_MAPPING_ERROR,2026-04-25T00:00:00Z,garbled and out-of-range values traced to interface remap,DATA_PLATFORM_LEAD_01
D0153,2026-04-27T00:00:00Z,N024@SCHEMA_V2,garbled and out-of-range report values,ROUTINE_AUDIT,INTERFACE_MAPPING_ERROR,2026-05-02T00:00:00Z,garbled and out-of-range values traced to interface remap,QUALITY_LEAD_02
D0154,2026-05-08T00:00:00Z,N024@SCHEMA_V2,garbled and out-of-range report values,ROUTINE_AUDIT,INTERFACE_MAPPING_ERROR,2026-05-11T00:00:00Z,garbled and out-of-range values traced to interface remap,QUALITY_LEAD_01
D0155,2026-05-12T00:00:00Z,N024@SCHEMA_V2,garbled and out-of-range report values,ROUTINE_AUDIT,INTERFACE_MAPPING_ERROR,2026-05-14T00:00:00Z,garbled and out-of-range values traced to interface remap,DATA_PLATFORM_LEAD_01
D0156,2026-05-20T00:00:00Z,N024@SCHEMA_V2,garbled and out-of-range report values,ROUTINE_AUDIT,INTERFACE_MAPPING_ERROR,2026-05-23T00:00:00Z,garbled and out-of-range values traced to interface remap,QUALITY_LEAD_02
D0157,2026-05-26T00:00:00Z,N024@SCHEMA_V2,garbled and out-of-range report values,ROUTINE_AUDIT,INTERFACE_MAPPING_ERROR,2026-05-31T00:00:00Z,garbled and out-of-range values traced to interface remap,QUALITY_LEAD_01
D0158,2026-01-11T00:00:00Z,N028@SCHEMA_V2,burst of missing rows,ROUTINE_AUDIT,EXTRACTION_FAILURE,2026-01-16T00:00:00Z,missing burst aligned with extraction pipeline change,DATA_PLATFORM_LEAD_01
D0159,2026-01-16T00:00:00Z,N028@SCHEMA_V2,burst of missing rows,ROUTINE_AUDIT,EXTRACTION_FAILURE,2026-01-21T00:00:00Z,missing burst aligned with extraction pipeline change,QUALITY_LEAD_02
D0160,2026-01-20T00:00:00Z,N028@SCHEMA_V2,burst of missing rows,ROUTINE_AUDIT,EXTRACTION_FAILURE,2026-01-22T00:00:00Z,missing burst aligned with extraction pipeline change,QUALITY_LEAD_01
D0161,2026-01-25T00:00:00Z,N028@SCHEMA_V2,burst of missing rows,ROUTINE_AUDIT,EXTRACTION_FAILURE,2026-01-29T00:00:00Z,missing burst aligned with extraction pipeline change,DATA_PLATFORM_LEAD_01
D0162,2026-01-30T00:00:00Z,N028@SCHEMA_V2,burst of missing rows,ROUTINE_AUDIT,EXTRACTION_FAILURE,2026-02-02T00:00:00Z,missing burst aligned with extraction pipeline change,QUALITY_LEAD_02
D0163,2025-09-09T00:00:00Z,N027@SCHEMA_V2,unexplained missing burst,ROUTINE_AUDIT,UNKNOWN,2025-09-12T00:00:00Z,no change record and no confirmed mechanism found,QUALITY_LEAD_01
D0164,2025-10-18T00:00:00Z,N027@SCHEMA_V2,unexplained missing burst,ROUTINE_AUDIT,UNKNOWN,2025-10-23T00:00:00Z,no change record and no confirmed mechanism found,DATA_PLATFORM_LEAD_01
D0165,2025-11-26T00:00:00Z,N027@SCHEMA_V2,unexplained missing burst,ROUTINE_AUDIT,UNKNOWN,2025-12-01T00:00:00Z,no change record and no confirmed mechanism found,QUALITY_LEAD_02
D0166,2026-01-04T00:00:00Z,N027@SCHEMA_V2,unexplained missing burst,ROUTINE_AUDIT,UNKNOWN,2026-01-08T00:00:00Z,no change record and no confirmed mechanism found,QUALITY_LEAD_01
D0167,2026-02-12T00:00:00Z,N027@SCHEMA_V2,unexplained missing burst,ROUTINE_AUDIT,UNKNOWN,2026-02-17T00:00:00Z,no change record and no confirmed mechanism found,DATA_PLATFORM_LEAD_01
D0168,2026-03-20T00:00:00Z,N027@SCHEMA_V2,unexplained missing burst,ROUTINE_AUDIT,UNKNOWN,2026-03-25T00:00:00Z,no change record and no confirmed mechanism found,QUALITY_LEAD_02
D0169,2025-09-28T00:00:00Z,N032@SCHEMA_V2,unexplained missing burst,ROUTINE_AUDIT,UNKNOWN,2025-10-03T00:00:00Z,no change record and no confirmed mechanism found,QUALITY_LEAD_01
D0170,2025-11-11T00:00:00Z,N032@SCHEMA_V2,unexplained missing burst,ROUTINE_AUDIT,UNKNOWN,2025-11-14T00:00:00Z,no change record and no confirmed mechanism found,DATA_PLATFORM_LEAD_01
D0171,2025-12-21T00:00:00Z,N032@SCHEMA_V2,unexplained missing burst,ROUTINE_AUDIT,UNKNOWN,2025-12-26T00:00:00Z,no change record and no confirmed mechanism found,QUALITY_LEAD_02
D0172,2026-01-30T00:00:00Z,N032@SCHEMA_V2,unexplained missing burst,ROUTINE_AUDIT,UNKNOWN,2026-02-04T00:00:00Z,no change record and no confirmed mechanism found,QUALITY_LEAD_01
D0173,2026-03-10T00:00:00Z,N032@SCHEMA_V2,unexplained missing burst,ROUTINE_AUDIT,UNKNOWN,2026-03-12T00:00:00Z,no change record and no confirmed mechanism found,DATA_PLATFORM_LEAD_01
D0174,2026-04-22T00:00:00Z,N032@SCHEMA_V2,unexplained missing burst,ROUTINE_AUDIT,UNKNOWN,2026-04-27T00:00:00Z,no change record and no confirmed mechanism found,QUALITY_LEAD_02
D0175,2025-10-13T00:00:00Z,N014@SCHEMA_V2,unexplained garbled values,ROUTINE_AUDIT,UNKNOWN,2025-10-15T00:00:00Z,no change record and no confirmed mechanism found,QUALITY_LEAD_01
D0176,2025-11-27T00:00:00Z,N014@SCHEMA_V2,unexplained garbled values,ROUTINE_AUDIT,UNKNOWN,2025-11-30T00:00:00Z,no change record and no confirmed mechanism found,DATA_PLATFORM_LEAD_01
D0177,2026-01-18T00:00:00Z,N014@SCHEMA_V2,unexplained garbled values,ROUTINE_AUDIT,UNKNOWN,2026-01-20T00:00:00Z,no change record and no confirmed mechanism found,QUALITY_LEAD_02
D0178,2025-10-29T00:00:00Z,N015@SCHEMA_V2,unexplained garbled values,ROUTINE_AUDIT,UNKNOWN,2025-11-03T00:00:00Z,no change record and no confirmed mechanism found,QUALITY_LEAD_01
D0179,2025-12-18T00:00:00Z,N015@SCHEMA_V2,unexplained garbled values,ROUTINE_AUDIT,UNKNOWN,2025-12-23T00:00:00Z,no change record and no confirmed mechanism found,DATA_PLATFORM_LEAD_01
D0180,2026-02-05T00:00:00Z,N015@SCHEMA_V2,unexplained garbled values,ROUTINE_AUDIT,UNKNOWN,2026-02-08T00:00:00Z,no change record and no confirmed mechanism found,QUALITY_LEAD_02
