field_name,unit,value_range,missing_rate,time_window
etl_result,mg/dL,0.5-9.5,0.02,28d
report_result_value,mg/dL,0.5-9.5,0.02,28d
report_result_unit,mg/dL,"set:{mg/dL,ug/dL,ng/mL,U/L}",0.01,28d
lis_test_code,n/a,"set:{TSH,GLUC,CREA,ALT,AST,HGB,WBC,PLT}",0.01,28d
report_test_code,n/a,"set:{TSH,GLUC,CREA,ALT,AST,HGB,WBC,PLT}",0.01,28d
lis_ref_range,n/a,freeform,0.01,28d
report_ref_range,n/a,freeform,0.01,28d
report_abnormal_flag,n/a,"set:{N,H,L}",0.01,28d
etl_result_v2,mg/dL,0.5-9.5,0.02,28d
lis_result_value_v2,mg/dL,0.5-9.5,0.02,28d
report_result_value_v2,mg/dL,0.5-9.5,0.02,28d
report_result_unit_v2,mg/dL,"set:{mg/dL,ug/dL,ng/mL,U/L}",0.01,28d
report_test_code_v2,n/a,"set:{TSH,GLUC,CREA,ALT,AST,HGB,WBC,PLT}",0.01,28d
report_specimen_code,n/a,"set:{SER,PLA,WHL}",0.01,28d
report_reagent_lot,n/a,pattern:LOT-\d{5},0.01,28d
etl_reagent_lot,n/a,pattern:LOT-\d{5},0.01,28d
lis_accession_code,n/a,pattern:AC-\d{6},0.01,28d
lis_collection_datetime,n/a,pattern:ISO-8601,0.01,28d
report_collection_datetime,n/a,pattern:ISO-8601,0.01,28d
