from_node,to_node,transform_id,rule_version,valid_from,valid_to,confirmed_by,source_file
N001,N002,T_PARSE_RESULT,r1,2025-01-10T00:00:00Z,2025-06-01T05:00:00Z,SYSTEMS_ARCHITECT_02,registry/field_lineage_vr1.md
N002,N003,T_STORE_RESULT,r1,2025-01-10T00:00:00Z,2025-06-01T05:00:00Z,INTERFACE_OWNER_01,registry/field_lineage_vr1.md
N003,N004,T_IFACE_RESULT,r1,2025-01-10T00:00:00Z,2025-06-01T05:00:00Z,ETL_OWNER_01,registry/field_lineage_vr1.md
N004,N005,T_RENDER_RESULT,r1,2025-01-10T00:00:00Z,2025-06-01T05:00:00Z,SYSTEMS_ARCHITECT_01,registry/field_lineage_vr1.md
N006,N007,T_PARSE_UNIT,r1,2025-01-10T00:00:00Z,2025-06-01T05:00:00Z,SYSTEMS_ARCHITECT_01,registry/field_lineage_vr1.md
N007,N008,T_STORE_UNIT,r1,2025-01-10T00:00:00Z,2025-06-01T05:00:00Z,INTERFACE_OWNER_01,registry/field_lineage_vr1.md
N008,N009,T_RENDER_UNIT,r1,2025-01-10T00:00:00Z,2025-06-01T05:00:00Z,ETL_OWNER_01,registry/field_lineage_vr1.md
N010,N011,T_IFACE_TESTCODE,r1,2025-01-10T00:00:00Z,2025-06-01T05:00:00Z,SYSTEMS_ARCHITECT_01,registry/field_lineage_vr1.md
N011,N012,T_RENDER_TESTCODE,r1,2025-01-10T00:00:00Z,2025-06-01T05:00:00Z,SYSTEMS_ARCHITECT_02,registry/field_lineage_vr1.md
N005,N015,T_FLAG_COMPUTE,r1,2025-01-10T00:00:00Z,2025-06-01T05:00:00Z,INTERFACE_OWNER_01,registry/field_lineage_vr1.md
N014,N015,T_FLAG_REF,r1,2025-01-10T00:00:00Z,,SYSTEMS_ARCHITECT_02,registry/field_lineage_vr1.md
N007,N002,T_RESULT_UNIT_CTX,r1,2025-01-10T00:00:00Z,2025-06-01T05:00:00Z,INTERFACE_OWNER_01,registry/field_lineage_vr1.md
N008,N003,T_RESULT_UNIT_CTX,r1,2025-01-10T00:00:00Z,2025-06-01T05:00:00Z,ETL_OWNER_01,registry/field_lineage_vr1.md
N013,N014,T_REF_RANGE,r1,2025-01-10T00:00:00Z,,ETL_OWNER_01,registry/field_lineage_vr1.md
N030,N031,T_ACCESSION_DT,r1,2025-01-10T00:00:00Z,,ETL_OWNER_01,registry/field_lineage_vr1.md
N006,N001,T_RAW_UNIT_CTX,r1,2025-01-10T00:00:00Z,,INTERFACE_OWNER_01,registry/field_lineage_vr1.md
N010,N013,T_REF_LOOKUP,r1,2025-01-10T00:00:00Z,,SYSTEMS_ARCHITECT_02,registry/field_lineage_vr1.md
N001,N016,T_PARSE_RESULT,r2,2025-06-01T05:00:00Z,,SYSTEMS_ARCHITECT_01,registry/field_lineage_vr2.md
N016,N017,T_STORE_RESULT,r2,2025-06-01T05:00:00Z,,SYSTEMS_ARCHITECT_02,registry/field_lineage_vr2.md
N017,N018,T_IFACE_RESULT,r2,2025-06-01T05:00:00Z,,INTERFACE_OWNER_01,registry/field_lineage_vr2.md
N018,N019,T_RENDER_RESULT,r2,2025-06-01T05:00:00Z,,ETL_OWNER_01,registry/field_lineage_vr2.md
N006,N020,T_PARSE_UNIT,r2,2025-06-01T05:00:00Z,,ETL_OWNER_01,registry/field_lineage_vr2.md
N020,N021,T_STORE_UNIT,r2,2025-06-01T05:00:00Z,,SYSTEMS_ARCHITECT_02,registry/field_lineage_vr2.md
N021,N022,T_RENDER_UNIT,r2,2025-06-01T05:00:00Z,,SYSTEMS_ARCHITECT_01,registry/field_lineage_vr2.md
N010,N023,T_IFACE_TESTCODE,r2,2025-06-01T05:00:00Z,,SYSTEMS_ARCHITECT_01,registry/field_lineage_vr2.md
N023,N024,T_RENDER_TESTCODE,r2,2025-06-01T05:00:00Z,,ETL_OWNER_01,registry/field_lineage_vr2.md
N019,N015,T_FLAG_COMPUTE,r2,2025-06-01T05:00:00Z,,SYSTEMS_ARCHITECT_01,registry/field_lineage_vr2.md
N030,N025,T_ACCESSION_SPECIMEN,r1,2025-06-01T05:00:00Z,,ETL_OWNER_01,registry/field_lineage_vr1.md
N025,N026,T_STORE_SPECIMEN,r1,2025-06-01T05:00:00Z,,SYSTEMS_ARCHITECT_02,registry/field_lineage_vr1.md
N026,N027,T_RENDER_SPECIMEN,r1,2025-06-01T05:00:00Z,,SYSTEMS_ARCHITECT_01,registry/field_lineage_vr1.md
N030,N029,T_ACCESSION_REAGENT,r1,2025-06-01T05:00:00Z,2025-12-31T23:59:59Z,ETL_OWNER_01,registry/field_lineage_vr1.md
N029,N028,T_RENDER_REAGENT,r1,2025-06-01T05:00:00Z,,SYSTEMS_ARCHITECT_02,registry/field_lineage_vr1.md
N001,N029,T_ANALYZER_REAGENT,r2,2026-02-01T00:00:00Z,,SYSTEMS_ARCHITECT_02,registry/field_lineage_vr2.md
N020,N016,T_RESULT_UNIT_CTX,r2,2025-06-01T05:00:00Z,,SYSTEMS_ARCHITECT_01,registry/field_lineage_vr2.md
N021,N017,T_RESULT_UNIT_CTX,r2,2025-06-01T05:00:00Z,,SYSTEMS_ARCHITECT_02,registry/field_lineage_vr2.md
N031,N032,T_RENDER_COLLECTION_DT,r1,2025-06-01T05:00:00Z,,INTERFACE_OWNER_01,registry/field_lineage_vr1.md
N022,N019,T_REPORT_UNIT_CTX,r1,2025-06-01T05:00:00Z,,INTERFACE_OWNER_01,registry/field_lineage_vr1.md
N029,N017,T_RESULT_LOT_CTX,r1,2025-06-01T05:00:00Z,,SYSTEMS_ARCHITECT_02,registry/field_lineage_vr1.md
N023,N018,T_IFACE_CODE_CTX,r1,2025-06-01T05:00:00Z,,INTERFACE_OWNER_01,registry/field_lineage_vr1.md
N024,N027,T_REPORT_CODE_CTX,r1,2025-06-01T05:00:00Z,,SYSTEMS_ARCHITECT_01,registry/field_lineage_vr1.md
