change_id,affected_nodes,change_category,submitted_at,approved_at,effective_at,version,ticket_index
C0001,N008,UNIT_REDEFINITION,2025-02-09T00:00:00Z,2025-02-12T00:00:00Z,2025-02-14T00:00:00Z,SCHEMA_V1,
C0002,N004,INTERFACE_REMAP,2025-02-11T00:00:00Z,2025-02-16T00:00:00Z,2025-02-18T00:00:00Z,SCHEMA_V1,
C0003,N004,INTERFACE_REMAP,2025-03-08T00:00:00Z,2025-03-12T00:00:00Z,2025-03-14T00:00:00Z,SCHEMA_V1,
C0005,N002,EXTRACTION_PIPELINE_CHANGE,2025-03-12T00:00:00Z,2025-03-17T00:00:00Z,2025-03-20T00:00:00Z,SCHEMA_V1,
C0004,N004,INTERFACE_REMAP,2025-03-31T00:00:00Z,2025-04-04T00:00:00Z,2025-04-07T00:00:00Z,SCHEMA_V1,
C0006,N005,NORMAL_CHANGE,2025-04-30T00:00:00Z,2025-05-04T00:00:00Z,2025-05-05T00:00:00Z,SCHEMA_V1,
C0007,N002,NORMAL_CHANGE,2025-05-01T00:00:00Z,2025-05-08T00:00:00Z,2025-05-09T00:00:00Z,SCHEMA_V1,
C0008,N009,NORMAL_CHANGE,2025-05-04T00:00:00Z,2025-05-12T00:00:00Z,2025-05-13T00:00:00Z,SCHEMA_V1,
C0009,N012,NORMAL_CHANGE,2025-05-08T00:00:00Z,2025-05-14T00:00:00Z,2025-05-17T00:00:00Z,SCHEMA_V1,
C0034,N019,SEMANTIC_REDEFINITION,2025-05-31T00:00:00Z,2025-06-07T00:00:00Z,2025-06-08T00:00:00Z,SCHEMA_V2,
C0051,N023,INTERFACE_REMAP,2025-06-12T00:00:00Z,2025-06-18T00:00:00Z,2025-06-20T00:00:00Z,SCHEMA_V2,
C0052,N023,INTERFACE_REMAP,2025-06-14T00:00:00Z,2025-06-21T00:00:00Z,2025-06-22T00:00:00Z,SCHEMA_V2,
C0010,N021,UNIT_REDEFINITION,2025-06-25T00:00:00Z,2025-07-01T00:00:00Z,2025-07-02T00:00:00Z,SCHEMA_V2,
C0039,N016,EXTRACTION_PIPELINE_CHANGE,2025-07-07T00:00:00Z,2025-07-13T00:00:00Z,2025-07-15T00:00:00Z,SCHEMA_V2,
C0035,N019,SEMANTIC_REDEFINITION,2025-07-10T00:00:00Z,2025-07-15T00:00:00Z,2025-07-16T00:00:00Z,SCHEMA_V2,
C0053,N023,INTERFACE_REMAP,2025-07-13T00:00:00Z,2025-07-18T00:00:00Z,2025-07-21T00:00:00Z,SCHEMA_V2,
C0054,N023,INTERFACE_REMAP,2025-07-15T00:00:00Z,2025-07-21T00:00:00Z,2025-07-23T00:00:00Z,SCHEMA_V2,
C0011,N022,NORMAL_CHANGE,2025-07-19T00:00:00Z,2025-07-23T00:00:00Z,2025-07-26T00:00:00Z,SCHEMA_V2,
C0080,N027,NORMAL_CHANGE,2025-07-28T00:00:00Z,2025-08-04T00:00:00Z,2025-08-06T00:00:00Z,SCHEMA_V2,
C0040,N016,NORMAL_CHANGE,2025-07-30T00:00:00Z,2025-08-06T00:00:00Z,2025-08-08T00:00:00Z,SCHEMA_V2,
C0012,N022,UNIT_REDEFINITION,2025-07-31T00:00:00Z,2025-08-07T00:00:00Z,2025-08-08T00:00:00Z,SCHEMA_V2,
C0036,N019,SEMANTIC_REDEFINITION,2025-08-11T00:00:00Z,2025-08-15T00:00:00Z,2025-08-17T00:00:00Z,SCHEMA_V2,
C0041,N016,EXTRACTION_PIPELINE_CHANGE,2025-08-15T00:00:00Z,2025-08-22T00:00:00Z,2025-08-23T00:00:00Z,SCHEMA_V2,
C0092,N032,NORMAL_CHANGE,2025-08-15T00:00:00Z,2025-08-18T00:00:00Z,2025-08-20T00:00:00Z,SCHEMA_V2,
C0055,N023,INTERFACE_REMAP,2025-08-16T00:00:00Z,2025-08-19T00:00:00Z,2025-08-22T00:00:00Z,SCHEMA_V2,
C0056,N023,INTERFACE_REMAP,2025-08-17T00:00:00Z,2025-08-22T00:00:00Z,2025-08-24T00:00:00Z,SCHEMA_V2,
C0081,N027,NORMAL_CHANGE,2025-08-20T00:00:00Z,2025-08-26T00:00:00Z,2025-08-28T00:00:00Z,SCHEMA_V2,
C0013,N022,NORMAL_CHANGE,2025-08-26T00:00:00Z,2025-08-31T00:00:00Z,2025-09-01T00:00:00Z,SCHEMA_V2,
C0028,N017,SEMANTIC_REDEFINITION,2025-08-29T00:00:00Z,2025-09-02T00:00:00Z,2025-09-05T00:00:00Z,SCHEMA_V2,
C0102,N014,NORMAL_CHANGE,2025-08-31T00:00:00Z,2025-09-02T00:00:00Z,2025-09-05T00:00:00Z,SCHEMA_V2,
C0014,N021,UNIT_REDEFINITION,2025-09-03T00:00:00Z,2025-09-06T00:00:00Z,2025-09-09T00:00:00Z,SCHEMA_V2,
C0093,N032,NORMAL_CHANGE,2025-09-06T00:00:00Z,2025-09-13T00:00:00Z,2025-09-15T00:00:00Z,SCHEMA_V2,
C0042,N016,NORMAL_CHANGE,2025-09-08T00:00:00Z,2025-09-14T00:00:00Z,2025-09-16T00:00:00Z,SCHEMA_V2,
C0057,N023,INTERFACE_REMAP,2025-09-11T00:00:00Z,2025-09-17T00:00:00Z,2025-09-19T00:00:00Z,SCHEMA_V2,
C0110,N015,NORMAL_CHANGE,2025-09-11T00:00:00Z,2025-09-16T00:00:00Z,2025-09-18T00:00:00Z,SCHEMA_V2,
C0058,N023,INTERFACE_REMAP,2025-09-13T00:00:00Z,2025-09-18T00:00:00Z,2025-09-21T00:00:00Z,SCHEMA_V2,
C0037,N019,SEMANTIC_REDEFINITION,2025-09-14T00:00:00Z,2025-09-19T00:00:00Z,2025-09-21T00:00:00Z,SCHEMA_V2,
C0082,N027,NORMAL_CHANGE,2025-09-14T00:00:00Z,2025-09-19T00:00:00Z,2025-09-22T00:00:00Z,SCHEMA_V2,
C0043,N016,EXTRACTION_PIPELINE_CHANGE,2025-09-22T00:00:00Z,2025-09-30T00:00:00Z,2025-10-01T00:00:00Z,SCHEMA_V2,
C0015,N022,NORMAL_CHANGE,2025-09-25T00:00:00Z,2025-09-30T00:00:00Z,2025-10-03T00:00:00Z,SCHEMA_V2,
C0103,N014,NORMAL_CHANGE,2025-09-25T00:00:00Z,2025-10-02T00:00:00Z,2025-10-03T00:00:00Z,SCHEMA_V2,
C0016,N022,UNIT_REDEFINITION,2025-10-05T00:00:00Z,2025-10-10T00:00:00Z,2025-10-11T00:00:00Z,SCHEMA_V2,
C0094,N032,NORMAL_CHANGE,2025-10-07T00:00:00Z,2025-10-09T00:00:00Z,2025-10-12T00:00:00Z,SCHEMA_V2,
C0083,N027,NORMAL_CHANGE,2025-10-10T00:00:00Z,2025-10-15T00:00:00Z,2025-10-18T00:00:00Z,SCHEMA_V2,
C0111,N015,NORMAL_CHANGE,2025-10-10T00:00:00Z,2025-10-16T00:00:00Z,2025-10-17T00:00:00Z,SCHEMA_V2,
C0059,N023,INTERFACE_REMAP,2025-10-11T00:00:00Z,2025-10-18T00:00:00Z,2025-10-19T00:00:00Z,SCHEMA_V2,
C0044,N016,NORMAL_CHANGE,2025-10-18T00:00:00Z,2025-10-24T00:00:00Z,2025-10-25T00:00:00Z,SCHEMA_V2,
C0038,N019,SEMANTIC_REDEFINITION,2025-10-22T00:00:00Z,2025-10-26T00:00:00Z,2025-10-27T00:00:00Z,SCHEMA_V2,
C0104,N014,NORMAL_CHANGE,2025-10-26T00:00:00Z,2025-10-29T00:00:00Z,2025-11-01T00:00:00Z,SCHEMA_V2,
C0045,N016,EXTRACTION_PIPELINE_CHANGE,2025-10-28T00:00:00Z,2025-11-03T00:00:00Z,2025-11-06T00:00:00Z,SCHEMA_V2,
C0029,N017,SEMANTIC_REDEFINITION,2025-10-29T00:00:00Z,2025-11-02T00:00:00Z,2025-11-05T00:00:00Z,SCHEMA_V2,
C0017,N022,NORMAL_CHANGE,2025-10-30T00:00:00Z,2025-11-02T00:00:00Z,2025-11-04T00:00:00Z,SCHEMA_V2,
C0060,N024,NORMAL_CHANGE,2025-10-30T00:00:00Z,2025-11-06T00:00:00Z,2025-11-08T00:00:00Z,SCHEMA_V2,
C0084,N027,NORMAL_CHANGE,2025-11-01T00:00:00Z,2025-11-07T00:00:00Z,2025-11-10T00:00:00Z,SCHEMA_V2,
C0095,N032,NORMAL_CHANGE,2025-11-04T00:00:00Z,2025-11-08T00:00:00Z,2025-11-09T00:00:00Z,SCHEMA_V2,
C0018,N021,UNIT_REDEFINITION,2025-11-07T00:00:00Z,2025-11-12T00:00:00Z,2025-11-15T00:00:00Z,SCHEMA_V2,
C0061,N023,INTERFACE_REMAP,2025-11-09T00:00:00Z,2025-11-15T00:00:00Z,2025-11-16T00:00:00Z,SCHEMA_V2,
C0112,N015,NORMAL_CHANGE,2025-11-10T00:00:00Z,2025-11-16T00:00:00Z,2025-11-19T00:00:00Z,SCHEMA_V2,
C0105,N014,NORMAL_CHANGE,2025-11-22T00:00:00Z,2025-11-27T00:00:00Z,2025-11-29T00:00:00Z,SCHEMA_V2,
C0046,N016,NORMAL_CHANGE,2025-11-24T00:00:00Z,2025-11-27T00:00:00Z,2025-11-30T00:00:00Z,SCHEMA_V2,
C0085,N027,NORMAL_CHANGE,2025-11-27T00:00:00Z,2025-11-30T00:00:00Z,2025-12-03T00:00:00Z,SCHEMA_V2,
C0096,N032,NORMAL_CHANGE,2025-11-28T00:00:00Z,2025-12-03T00:00:00Z,2025-12-05T00:00:00Z,SCHEMA_V2,
C0062,N024,NORMAL_CHANGE,2025-12-01T00:00:00Z,2025-12-03T00:00:00Z,2025-12-06T00:00:00Z,SCHEMA_V2,
C0019,N022,NORMAL_CHANGE,2025-12-04T00:00:00Z,2025-12-07T00:00:00Z,2025-12-09T00:00:00Z,SCHEMA_V2,
C0063,N023,INTERFACE_REMAP,2025-12-05T00:00:00Z,2025-12-11T00:00:00Z,2025-12-13T00:00:00Z,SCHEMA_V2,
C0047,N016,EXTRACTION_PIPELINE_CHANGE,2025-12-11T00:00:00Z,2025-12-16T00:00:00Z,2025-12-19T00:00:00Z,SCHEMA_V2,
C0020,N022,UNIT_REDEFINITION,2025-12-12T00:00:00Z,2025-12-14T00:00:00Z,2025-12-17T00:00:00Z,SCHEMA_V2,
C0113,N015,NORMAL_CHANGE,2025-12-17T00:00:00Z,2025-12-21T00:00:00Z,2025-12-23T00:00:00Z,SCHEMA_V2,
C0106,N014,NORMAL_CHANGE,2025-12-19T00:00:00Z,2025-12-25T00:00:00Z,2025-12-28T00:00:00Z,SCHEMA_V2,
C0086,N027,NORMAL_CHANGE,2025-12-22T00:00:00Z,2025-12-25T00:00:00Z,2025-12-27T00:00:00Z,SCHEMA_V2,
C0064,N024,NORMAL_CHANGE,2025-12-24T00:00:00Z,2025-12-31T00:00:00Z,2026-01-02T00:00:00Z,SCHEMA_V2,
C0075,N029,EXTRACTION_PIPELINE_CHANGE,2025-12-26T00:00:00Z,2026-01-01T00:00:00Z,2026-01-02T00:00:00Z,SCHEMA_V2,
C0076,N029,EXTRACTION_PIPELINE_CHANGE,2025-12-29T00:00:00Z,2026-01-04T00:00:00Z,2026-01-07T00:00:00Z,SCHEMA_V2,
C0097,N032,NORMAL_CHANGE,2025-12-30T00:00:00Z,2026-01-02T00:00:00Z,2026-01-05T00:00:00Z,SCHEMA_V2,
C0065,N023,INTERFACE_REMAP,2026-01-01T00:00:00Z,2026-01-06T00:00:00Z,2026-01-09T00:00:00Z,SCHEMA_V2,
C0021,N022,NORMAL_CHANGE,2026-01-04T00:00:00Z,2026-01-07T00:00:00Z,2026-01-10T00:00:00Z,SCHEMA_V2,
C0048,N016,NORMAL_CHANGE,2026-01-04T00:00:00Z,2026-01-09T00:00:00Z,2026-01-12T00:00:00Z,SCHEMA_V2,
C0077,N029,EXTRACTION_PIPELINE_CHANGE,2026-01-05T00:00:00Z,2026-01-10T00:00:00Z,2026-01-12T00:00:00Z,SCHEMA_V2,
C0078,N029,EXTRACTION_PIPELINE_CHANGE,2026-01-08T00:00:00Z,2026-01-15T00:00:00Z,2026-01-17T00:00:00Z,SCHEMA_V2,
C0087,N027,NORMAL_CHANGE,2026-01-12T00:00:00Z,2026-01-17T00:00:00Z,2026-01-18T00:00:00Z,SCHEMA_V2,
C0022,N021,UNIT_REDEFINITION,2026-01-13T00:00:00Z,2026-01-17T00:00:00Z,2026-01-18T00:00:00Z,SCHEMA_V2,
C0114,N015,NORMAL_CHANGE,2026-01-13T00:00:00Z,2026-01-20T00:00:00Z,2026-01-22T00:00:00Z,SCHEMA_V2,
C0030,N017,BUSINESS_CHANGE,2026-01-15T00:00:00Z,2026-01-19T00:00:00Z,2026-01-20T00:00:00Z,SCHEMA_V2,
C0079,N029,EXTRACTION_PIPELINE_CHANGE,2026-01-16T00:00:00Z,2026-01-21T00:00:00Z,2026-01-22T00:00:00Z,SCHEMA_V2,
C0049,N016,EXTRACTION_PIPELINE_CHANGE,2026-01-17T00:00:00Z,2026-01-25T00:00:00Z,2026-01-26T00:00:00Z,SCHEMA_V2,
C0107,N014,NORMAL_CHANGE,2026-01-20T00:00:00Z,2026-01-22T00:00:00Z,2026-01-25T00:00:00Z,SCHEMA_V2,
C0066,N024,NORMAL_CHANGE,2026-01-21T00:00:00Z,2026-01-26T00:00:00Z,2026-01-29T00:00:00Z,SCHEMA_V2,
C0067,N023,INTERFACE_REMAP,2026-01-30T00:00:00Z,2026-02-05T00:00:00Z,2026-02-06T00:00:00Z,SCHEMA_V2,
C0098,N032,NORMAL_CHANGE,2026-01-31T00:00:00Z,2026-02-05T00:00:00Z,2026-02-06T00:00:00Z,SCHEMA_V2,
C0088,N027,NORMAL_CHANGE,2026-02-01T00:00:00Z,2026-02-08T00:00:00Z,2026-02-10T00:00:00Z,SCHEMA_V2,
C0023,N022,NORMAL_CHANGE,2026-02-04T00:00:00Z,2026-02-09T00:00:00Z,2026-02-11T00:00:00Z,SCHEMA_V2,
C0024,N022,UNIT_REDEFINITION,2026-02-12T00:00:00Z,2026-02-16T00:00:00Z,2026-02-19T00:00:00Z,SCHEMA_V2,
C0050,N016,NORMAL_CHANGE,2026-02-14T00:00:00Z,2026-02-16T00:00:00Z,2026-02-19T00:00:00Z,SCHEMA_V2,
C0108,N014,NORMAL_CHANGE,2026-02-16T00:00:00Z,2026-02-19T00:00:00Z,2026-02-22T00:00:00Z,SCHEMA_V2,
C0115,N015,NORMAL_CHANGE,2026-02-18T00:00:00Z,2026-02-21T00:00:00Z,2026-02-23T00:00:00Z,SCHEMA_V2,
C0031,N017,BUSINESS_CHANGE,2026-02-19T00:00:00Z,2026-02-24T00:00:00Z,2026-02-27T00:00:00Z,SCHEMA_V2,
C0068,N024,NORMAL_CHANGE,2026-02-21T00:00:00Z,2026-02-24T00:00:00Z,2026-02-26T00:00:00Z,SCHEMA_V2,
C0069,N023,INTERFACE_REMAP,2026-02-25T00:00:00Z,2026-03-04T00:00:00Z,2026-03-05T00:00:00Z,SCHEMA_V2,
C0089,N027,NORMAL_CHANGE,2026-02-25T00:00:00Z,2026-03-04T00:00:00Z,2026-03-06T00:00:00Z,SCHEMA_V2,
C0099,N032,NORMAL_CHANGE,2026-03-03T00:00:00Z,2026-03-08T00:00:00Z,2026-03-10T00:00:00Z,SCHEMA_V2,
C0025,N022,NORMAL_CHANGE,2026-03-08T00:00:00Z,2026-03-12T00:00:00Z,2026-03-15T00:00:00Z,SCHEMA_V2,
C0116,N015,NORMAL_CHANGE,2026-03-16T00:00:00Z,2026-03-24T00:00:00Z,2026-03-25T00:00:00Z,SCHEMA_V2,
C0026,N021,UNIT_REDEFINITION,2026-03-17T00:00:00Z,2026-03-23T00:00:00Z,2026-03-26T00:00:00Z,SCHEMA_V2,
C0070,N024,NORMAL_CHANGE,2026-03-17T00:00:00Z,2026-03-24T00:00:00Z,2026-03-25T00:00:00Z,SCHEMA_V2,
C0109,N014,NORMAL_CHANGE,2026-03-17T00:00:00Z,2026-03-23T00:00:00Z,2026-03-25T00:00:00Z,SCHEMA_V2,
C0090,N027,NORMAL_CHANGE,2026-03-20T00:00:00Z,2026-03-26T00:00:00Z,2026-03-28T00:00:00Z,SCHEMA_V2,
C0071,N023,INTERFACE_REMAP,2026-03-25T00:00:00Z,2026-03-29T00:00:00Z,2026-04-01T00:00:00Z,SCHEMA_V2,
C0032,N017,BUSINESS_CHANGE,2026-03-29T00:00:00Z,2026-04-03T00:00:00Z,2026-04-05T00:00:00Z,SCHEMA_V2,
C0100,N032,NORMAL_CHANGE,2026-03-29T00:00:00Z,2026-04-02T00:00:00Z,2026-04-05T00:00:00Z,SCHEMA_V2,
C0027,N022,NORMAL_CHANGE,2026-04-10T00:00:00Z,2026-04-17T00:00:00Z,2026-04-19T00:00:00Z,SCHEMA_V2,
C0072,N024,NORMAL_CHANGE,2026-04-14T00:00:00Z,2026-04-19T00:00:00Z,2026-04-21T00:00:00Z,SCHEMA_V2,
C0091,N027,NORMAL_CHANGE,2026-04-14T00:00:00Z,2026-04-20T00:00:00Z,2026-04-21T00:00:00Z,SCHEMA_V2,
C0117,N015,NORMAL_CHANGE,2026-04-20T00:00:00Z,2026-04-25T00:00:00Z,2026-04-26T00:00:00Z,SCHEMA_V2,
C0073,N023,INTERFACE_REMAP,2026-04-23T00:00:00Z,2026-04-28T00:00:00Z,2026-04-29T00:00:00Z,SCHEMA_V2,
C0101,N032,NORMAL_CHANGE,2026-04-25T00:00:00Z,2026-04-29T00:00:00Z,2026-05-02T00:00:00Z,SCHEMA_V2,
C0033,N017,BUSINESS_CHANGE,2026-05-06T00:00:00Z,2026-05-09T00:00:00Z,2026-05-12T00:00:00Z,SCHEMA_V2,
C0074,N024,NORMAL_CHANGE,2026-05-14T00:00:00Z,2026-05-18T00:00:00Z,2026-05-19T00:00:00Z,SCHEMA_V2,
